ocel_id;ocel_time
eval_tr7exit_Pcp35;2024-05-03 00:48:24
eval_tr38exit_Pcp35;2024-05-03 00:55:35
eval_tr17exit_Pcp88;2024-05-03 10:51:43
eval_tr6exit_Pcp88;2024-05-03 11:06:37
eval_tr13exit_Pcp89;2024-05-04 06:32:33
eval_tr3exit_Pcp89;2024-05-04 07:49:49
eval_tr34exit_Pcp338;2024-05-04 08:07:11
eval_tr50exit_Pcp338;2024-05-04 09:11:06
eval_tr11exit_Pcp228;2024-05-06 05:22:53
eval_tr21exit_Pcp228;2024-05-06 05:28:41
eval_tr44exit_Pcp169;2024-05-06 05:31:33
eval_tr4exit_Pcp287;2024-05-06 05:49:26
eval_tr33exit_Pcp146;2024-05-06 05:49:44
eval_tr5exit_Pcp245;2024-05-06 05:51:03
eval_tr40exit_Pcp245;2024-05-06 05:59:01
eval_tr32exit_Pcp287;2024-05-06 06:00:19
eval_tr30exit_Pcp128;2024-05-06 06:04:08
eval_tr6exit_Pcp119;2024-05-06 06:05:47
eval_tr26exit_Pcp415;2024-05-06 06:05:50
eval_tr23exit_Pcp468;2024-05-06 06:08:14
eval_tr19exit_Pcp119;2024-05-06 06:08:24
eval_tr15exit_Pcp234;2024-05-06 06:11:25
eval_tr37exit_Pcp81;2024-05-06 06:12:19
eval_tr38exit_Pcp69;2024-05-06 06:13:41
eval_tr49exit_Pcp258;2024-05-06 06:14:34
eval_tr39exit_Pcp169;2024-05-06 06:15:18
eval_tr28exit_Pcp105;2024-05-06 06:17:09
eval_tr8exit_Pcp234;2024-05-06 06:28:28
eval_tr16exit_Pcp440;2024-05-06 06:29:00
eval_tr29exit_Pcp69;2024-05-06 06:32:37
eval_tr7exit_Pcp258;2024-05-06 06:32:37
eval_tr25exit_Pcp110;2024-05-06 06:37:04
eval_tr9exit_Pcp415;2024-05-06 06:38:25
eval_tr24exit_Pcp82;2024-05-06 06:41:46
eval_tr20exit_Pcp82;2024-05-06 06:44:00
eval_tr27exit_Pcp190;2024-05-06 06:45:18
eval_tr46exit_Pcp190;2024-05-06 06:45:23
eval_tr17exit_Pcp81;2024-05-06 06:53:37
eval_tr31exit_Pcp105;2024-05-06 06:59:05
eval_tr45exit_Pcp146;2024-05-06 07:01:05
eval_tr18exit_Pcp110;2024-05-06 07:07:21
eval_tr14exit_Pcp404;2024-05-06 07:09:32
eval_tr42exit_Pcp440;2024-05-06 07:12:26
eval_tr1exit_Pcp404;2024-05-06 07:41:34
eval_tr13exit_Pcp438;2024-05-06 12:50:00
eval_tr41exit_Pcp459;2024-05-06 13:01:40
eval_tr34exit_Pcp121;2024-05-06 13:04:37
eval_tr12exit_Pcp432;2024-05-06 13:05:35
eval_tr48exit_Pcp121;2024-05-06 13:05:43
eval_tr50exit_Pcp459;2024-05-06 13:11:53
eval_tr2exit_Pcp14;2024-05-06 13:24:33
eval_tr3exit_Pcp219;2024-05-06 13:39:48
eval_tr36exit_Pcp432;2024-05-06 13:52:01
eval_tr22exit_Pcp14;2024-05-06 14:15:18
eval_tr47exit_Pcp438;2024-05-06 14:39:25
eval_tr10exit_Pcp271;2024-05-08 05:38:06
eval_tr4exit_Pcp219;2024-05-08 06:39:15
eval_tr23exit_Pcp434;2024-05-08 06:53:02
eval_tr26exit_Pcp209;2024-05-08 06:57:28
eval_tr44exit_Pcp223;2024-05-08 06:59:40
eval_tr35exit_Pcp434;2024-05-08 07:04:24
eval_tr40exit_Pcp482;2024-05-08 07:06:35
eval_tr30exit_Pcp497;2024-05-08 07:09:31
eval_tr49exit_Pcp213;2024-05-08 07:14:56
eval_tr20exit_Pcp498;2024-05-08 07:24:23
eval_tr43exit_Pcp99;2024-05-08 07:26:43
eval_tr46exit_Pcp106;2024-05-08 07:28:00
eval_tr29exit_Pcp240;2024-05-08 07:28:24
eval_tr21exit_Pcp421;2024-05-08 07:31:33
eval_tr33exit_Pcp354;2024-05-08 07:34:21
eval_tr11exit_Pcp99;2024-05-08 07:36:01
eval_tr19exit_Pcp354;2024-05-08 07:39:17
eval_tr27exit_Pcp94;2024-05-08 07:42:42
eval_tr18exit_Pcp452;2024-05-08 07:45:16
eval_tr15exit_Pcp208;2024-05-08 07:52:38
eval_tr39exit_Pcp248;2024-05-08 07:53:57
eval_tr7exit_Pcp94;2024-05-08 07:56:07
eval_tr37exit_Pcp38;2024-05-08 07:57:35
eval_tr31exit_Pcp208;2024-05-08 07:57:38
eval_tr45exit_Pcp294;2024-05-08 07:59:24
eval_tr24exit_Pcp70;2024-05-08 07:59:32
eval_tr42exit_Pcp450;2024-05-08 08:00:52
eval_tr38exit_Pcp421;2024-05-08 08:08:12
eval_tr8exit_Pcp73;2024-05-08 08:08:52
eval_tr25exit_Pcp293;2024-05-08 08:11:27
eval_tr17exit_Pcp248;2024-05-08 08:15:09
eval_tr6exit_Pcp363;2024-05-08 08:16:50
eval_tr32exit_Pcp487;2024-05-08 08:21:27
eval_tr14exit_Pcp497;2024-05-08 08:52:51
eval_tr16exit_Pcp70;2024-05-08 08:53:31
eval_tr5exit_Pcp194;2024-05-08 09:03:54
eval_tr9exit_Pcp451;2024-05-08 09:30:11
eval_tr28exit_Pcp223;2024-05-08 09:35:32
eval_tr41exit_Pcp86;2024-05-08 13:52:43
eval_tr2exit_Pcp495;2024-05-08 14:04:16
eval_tr12exit_Pcp162;2024-05-08 14:09:20
eval_tr50exit_Pcp482;2024-05-08 14:10:41
eval_tr13exit_Pcp73;2024-05-08 15:15:00
eval_tr36exit_Pcp367;2024-05-08 15:47:19
eval_tr22exit_Pcp113;2024-05-08 15:50:12
eval_tr3exit_Pcp104;2024-05-08 16:01:01
eval_tr10exit_Pcp407;2024-05-10 06:35:03
eval_tr35exit_Pcp324;2024-05-10 08:02:23
eval_tr20exit_Pcp171;2024-05-10 08:15:13
eval_tr30exit_Pcp454;2024-05-10 08:25:35
eval_tr21exit_Pcp63;2024-05-10 08:27:57
eval_tr44exit_Pcp427;2024-05-10 08:29:29
eval_tr11exit_Pcp479;2024-05-10 08:31:32
eval_tr33exit_Pcp360;2024-05-10 08:41:03
eval_tr49exit_Pcp330;2024-05-10 08:41:05
eval_tr25exit_Pcp407;2024-05-10 08:50:16
eval_tr38exit_Pcp86;2024-05-10 08:54:23
eval_tr7exit_Pcp168;2024-05-10 08:55:01
eval_tr18exit_Pcp207;2024-05-10 08:59:26
eval_tr26exit_Pcp320;2024-05-10 08:59:59
eval_tr29exit_Pcp113;2024-05-10 09:09:17
eval_tr1exit_Pcp207;2024-05-10 09:14:22
eval_tr40exit_Pcp1;2024-05-10 09:21:57
eval_tr17exit_Pcp305;2024-05-10 09:23:35
eval_tr4exit_Pcp428;2024-05-10 09:28:23
eval_tr32exit_Pcp64;2024-05-10 09:29:48
eval_tr24exit_Pcp249;2024-05-10 09:30:07
eval_tr8exit_Pcp221;2024-05-10 09:32:52
eval_tr15exit_Pcp96;2024-05-10 09:34:02
eval_tr46exit_Pcp309;2024-05-10 09:35:27
eval_tr6exit_Pcp336;2024-05-10 09:38:29
eval_tr23exit_Pcp389;2024-05-10 09:40:51
eval_tr39exit_Pcp362;2024-05-10 09:57:28
eval_tr43exit_Pcp472;2024-05-10 10:03:39
eval_tr19exit_Pcp20;2024-05-10 10:03:44
eval_tr45exit_Pcp102;2024-05-10 10:11:35
eval_tr14exit_Pcp197;2024-05-10 10:26:50
eval_tr42exit_Pcp23;2024-05-10 10:31:55
eval_tr31exit_Pcp484;2024-05-10 10:36:55
eval_tr28exit_Pcp155;2024-05-10 10:43:20
eval_tr37exit_Pcp253;2024-05-10 10:46:23
eval_tr27exit_Pcp336;2024-05-10 10:51:46
eval_tr9exit_Pcp431;2024-05-10 11:35:41
eval_tr16exit_Pcp163;2024-05-10 12:10:50
eval_tr5exit_Pcp334;2024-05-10 12:24:20
eval_tr48exit_Pcp95;2024-05-10 14:43:38
eval_tr34exit_Pcp311;2024-05-10 14:55:09
eval_tr41exit_Pcp49;2024-05-10 15:01:54
eval_tr50exit_Pcp48;2024-05-10 15:50:41
eval_tr2exit_Pcp397;2024-05-10 16:19:20
eval_tr13exit_Pcp490;2024-05-10 17:14:21
eval_tr22exit_Pcp330;2024-05-10 17:20:17
eval_tr47exit_Pcp430;2024-05-10 17:22:10
eval_tr12exit_Pcp104;2024-05-10 17:25:32
eval_tr36exit_Pcp369;2024-05-10 17:38:50
eval_tr3exit_Pcp270;2024-05-10 19:27:24
eval_tr10exit_Pcp116;2024-05-12 08:12:51
eval_tr20exit_Pcp103;2024-05-12 09:26:57
eval_tr49exit_Pcp469;2024-05-12 09:31:58
eval_tr44exit_Pcp427;2024-05-12 10:02:16
eval_tr7exit_Pcp470;2024-05-12 10:19:02
eval_tr25exit_Pcp281;2024-05-12 10:20:59
eval_tr40exit_Pcp275;2024-05-12 10:22:51
eval_tr32exit_Pcp457;2024-05-12 10:25:11
eval_tr4exit_Pcp38;2024-05-12 10:25:49
eval_tr8exit_Pcp76;2024-05-12 10:28:14
eval_tr15exit_Pcp213;2024-05-12 10:30:25
eval_tr38exit_Pcp296;2024-05-12 10:36:50
eval_tr11exit_Pcp397;2024-05-12 10:44:17
eval_tr35exit_Pcp342;2024-05-12 10:44:38
eval_tr33exit_Pcp45;2024-05-12 10:45:10
eval_tr18exit_Pcp260;2024-05-12 10:45:47
eval_tr29exit_Pcp276;2024-05-12 11:02:04
eval_tr19exit_Pcp151;2024-05-12 11:05:55
eval_tr46exit_Pcp177;2024-05-12 11:06:21
eval_tr17exit_Pcp423;2024-05-12 11:11:38
eval_tr42exit_Pcp205;2024-05-12 11:23:13
eval_tr1exit_Pcp485;2024-05-12 11:24:39
eval_tr31exit_Pcp196;2024-05-12 11:27:04
eval_tr37exit_Pcp447;2024-05-12 11:40:25
eval_tr24exit_Pcp41;2024-05-12 11:40:59
eval_tr28exit_Pcp447;2024-05-12 11:42:55
eval_tr26exit_Pcp175;2024-05-12 11:47:33
eval_tr43exit_Pcp204;2024-05-12 11:53:10
eval_tr14exit_Pcp49;2024-05-12 11:54:56
eval_tr23exit_Pcp56;2024-05-12 12:01:02
eval_tr6exit_Pcp106;2024-05-12 12:12:25
eval_tr27exit_Pcp236;2024-05-12 12:21:19
eval_tr39exit_Pcp24;2024-05-12 12:25:45
eval_tr9exit_Pcp23;2024-05-12 12:42:34
eval_tr16exit_Pcp117;2024-05-12 13:09:00
eval_tr5exit_Pcp453;2024-05-12 13:23:48
eval_tr48exit_Pcp294;2024-05-12 15:31:32
eval_tr41exit_Pcp284;2024-05-12 15:51:11
eval_tr34exit_Pcp211;2024-05-12 16:31:47
eval_tr50exit_Pcp72;2024-05-12 17:55:23
eval_tr2exit_Pcp179;2024-05-12 18:01:31
eval_tr12exit_Pcp151;2024-05-12 18:13:07
eval_tr13exit_Pcp25;2024-05-12 18:13:37
eval_tr47exit_Pcp367;2024-05-12 18:25:43
eval_tr36exit_Pcp209;2024-05-12 18:32:23
eval_tr22exit_Pcp395;2024-05-12 20:12:51
eval_tr3exit_Pcp342;2024-05-12 20:34:09
eval_tr30exit_Pcp182;2024-05-14 09:38:11
eval_tr20exit_Pcp202;2024-05-14 10:28:22
eval_tr10exit_Pcp355;2024-05-14 10:34:04
eval_tr15exit_Pcp411;2024-05-14 11:14:02
eval_tr25exit_Pcp153;2024-05-14 11:16:23
eval_tr7exit_Pcp77;2024-05-14 11:17:10
eval_tr40exit_Pcp100;2024-05-14 11:32:31
eval_tr18exit_Pcp396;2024-05-14 11:34:46
eval_tr33exit_Pcp370;2024-05-14 11:35:35
eval_tr45exit_Pcp296;2024-05-14 11:37:50
eval_tr31exit_Pcp211;2024-05-14 11:57:26
eval_tr19exit_Pcp131;2024-05-14 11:57:56
eval_tr29exit_Pcp117;2024-05-14 12:03:10
eval_tr38exit_Pcp284;2024-05-14 12:04:01
eval_tr4exit_Pcp252;2024-05-14 12:05:46
eval_tr44exit_Pcp159;2024-05-14 12:11:19
eval_tr46exit_Pcp476;2024-05-14 12:12:53
eval_tr42exit_Pcp171;2024-05-14 12:26:34
eval_tr11exit_Pcp408;2024-05-14 12:29:46
eval_tr49exit_Pcp487;2024-05-14 12:46:42
eval_tr23exit_Pcp270;2024-05-14 12:47:16
eval_tr24exit_Pcp197;2024-05-14 12:50:04
eval_tr17exit_Pcp275;2024-05-14 12:52:17
eval_tr1exit_Pcp398;2024-05-14 12:54:00
eval_tr8exit_Pcp419;2024-05-14 13:16:52
eval_tr26exit_Pcp467;2024-05-14 13:20:16
eval_tr28exit_Pcp379;2024-05-14 13:24:26
eval_tr37exit_Pcp72;2024-05-14 13:26:00
eval_tr43exit_Pcp309;2024-05-14 13:27:30
eval_tr27exit_Pcp172;2024-05-14 13:49:14
eval_tr39exit_Pcp473;2024-05-14 14:05:22
eval_tr9exit_Pcp253;2024-05-14 14:08:14
eval_tr6exit_Pcp435;2024-05-14 14:09:36
eval_tr14exit_Pcp249;2024-05-14 14:43:38
eval_tr16exit_Pcp465;2024-05-14 15:27:49
eval_tr5exit_Pcp454;2024-05-14 16:16:24
eval_tr48exit_Pcp268;2024-05-14 16:42:02
eval_tr41exit_Pcp76;2024-05-14 17:13:27
eval_tr34exit_Pcp383;2024-05-14 17:25:04
eval_tr13exit_Pcp369;2024-05-14 19:11:49
eval_tr47exit_Pcp217;2024-05-14 19:13:49
eval_tr2exit_Pcp460;2024-05-14 19:30:18
eval_tr36exit_Pcp327;2024-05-14 20:14:22
eval_tr50exit_Pcp452;2024-05-14 20:23:43
eval_tr12exit_Pcp45;2024-05-14 20:50:49
eval_tr22exit_Pcp141;2024-05-14 21:27:35
eval_tr3exit_Pcp484;2024-05-14 21:39:57
eval_tr21exit_Pcp408;2024-05-16 11:13:49
eval_tr30exit_Pcp290;2024-05-16 11:15:16
eval_tr10exit_Pcp221;2024-05-16 11:43:17
eval_tr20exit_Pcp395;2024-05-16 12:10:25
eval_tr7exit_Pcp46;2024-05-16 12:17:07
eval_tr35exit_Pcp56;2024-05-16 12:23:26
eval_tr25exit_Pcp365;2024-05-16 12:32:23
eval_tr40exit_Pcp145;2024-05-16 12:39:08
eval_tr15exit_Pcp257;2024-05-16 12:39:08
eval_tr46exit_Pcp204;2024-05-16 12:44:36
eval_tr38exit_Pcp344;2024-05-16 12:49:55
eval_tr29exit_Pcp163;2024-05-16 13:00:15
eval_tr44exit_Pcp411;2024-05-16 13:05:44
eval_tr19exit_Pcp130;2024-05-16 13:05:56
eval_tr4exit_Pcp346;2024-05-16 13:23:12
eval_tr18exit_Pcp456;2024-05-16 13:28:12
eval_tr31exit_Pcp483;2024-05-16 13:29:06
eval_tr42exit_Pcp403;2024-05-16 13:31:57
eval_tr11exit_Pcp107;2024-05-16 13:32:29
eval_tr45exit_Pcp226;2024-05-16 13:39:55
eval_tr49exit_Pcp360;2024-05-16 13:45:08
eval_tr37exit_Pcp134;2024-05-16 14:11:50
eval_tr23exit_Pcp281;2024-05-16 14:32:13
eval_tr1exit_Pcp396;2024-05-16 14:37:19
eval_tr8exit_Pcp158;2024-05-16 14:55:54
eval_tr43exit_Pcp214;2024-05-16 14:59:23
eval_tr27exit_Pcp43;2024-05-16 15:00:41
eval_tr6exit_Pcp279;2024-05-16 15:12:07
eval_tr9exit_Pcp74;2024-05-16 15:17:10
eval_tr28exit_Pcp293;2024-05-16 15:35:48
eval_tr14exit_Pcp485;2024-05-16 15:44:57
eval_tr39exit_Pcp327;2024-05-16 15:51:10
eval_tr24exit_Pcp436;2024-05-16 15:57:03
eval_tr26exit_Pcp268;2024-05-16 16:12:26
eval_tr16exit_Pcp198;2024-05-16 16:26:35
eval_tr5exit_Pcp363;2024-05-16 17:00:52
eval_tr41exit_Pcp315;2024-05-16 17:55:41
eval_tr48exit_Pcp131;2024-05-16 18:23:59
eval_tr34exit_Pcp74;2024-05-16 18:48:25
eval_tr47exit_Pcp476;2024-05-16 19:50:29
eval_tr13exit_Pcp472;2024-05-16 20:20:18
eval_tr2exit_Pcp362;2024-05-16 20:43:48
eval_tr50exit_Pcp483;2024-05-16 21:28:37
eval_tr36exit_Pcp85;2024-05-16 22:08:54
eval_tr22exit_Pcp466;2024-05-16 22:23:21
eval_tr12exit_Pcp389;2024-05-16 23:54:43
eval_tr3exit_Pcp324;2024-05-17 00:42:00
eval_tr30exit_Pcp1;2024-05-18 12:06:09
eval_tr32exit_Pcp379;2024-05-18 12:26:28
eval_tr21exit_Pcp155;2024-05-18 12:31:26
eval_tr10exit_Pcp130;2024-05-18 12:46:51
eval_tr33exit_Pcp410;2024-05-18 13:05:38
eval_tr15exit_Pcp34;2024-05-18 13:15:02
eval_tr20exit_Pcp100;2024-05-18 13:33:40
eval_tr38exit_Pcp161;2024-05-18 13:49:42
eval_tr25exit_Pcp41;2024-05-18 13:53:14
eval_tr29exit_Pcp263;2024-05-18 13:54:52
eval_tr4exit_Pcp240;2024-05-18 14:04:47
eval_tr7exit_Pcp339;2024-05-18 14:05:58
eval_tr40exit_Pcp431;2024-05-18 14:09:34
eval_tr35exit_Pcp34;2024-05-18 14:10:55
eval_tr31exit_Pcp469;2024-05-18 14:16:03
eval_tr18exit_Pcp285;2024-05-18 14:22:07
eval_tr46exit_Pcp220;2024-05-18 14:25:49
eval_tr42exit_Pcp315;2024-05-18 14:31:44
eval_tr49exit_Pcp152;2024-05-18 14:32:44
eval_tr11exit_Pcp398;2024-05-18 14:43:54
eval_tr37exit_Pcp85;2024-05-18 14:58:48
eval_tr1exit_Pcp314;2024-05-18 15:19:58
eval_tr44exit_Pcp124;2024-05-18 15:49:39
eval_tr45exit_Pcp170;2024-05-18 16:03:17
eval_tr6exit_Pcp166;2024-05-18 16:08:02
eval_tr9exit_Pcp464;2024-05-18 16:21:29
eval_tr17exit_Pcp433;2024-05-18 16:22:29
eval_tr27exit_Pcp107;2024-05-18 16:24:09
eval_tr43exit_Pcp306;2024-05-18 16:41:07
eval_tr23exit_Pcp64;2024-05-18 16:41:24
eval_tr28exit_Pcp460;2024-05-18 16:50:55
eval_tr24exit_Pcp46;2024-05-18 17:09:32
eval_tr8exit_Pcp430;2024-05-18 17:14:35
eval_tr26exit_Pcp388;2024-05-18 17:29:01
eval_tr39exit_Pcp450;2024-05-18 17:46:12
eval_tr5exit_Pcp303;2024-05-18 17:46:55
eval_tr16exit_Pcp172;2024-05-18 17:57:56
eval_tr41exit_Pcp217;2024-05-18 19:45:13
eval_tr48exit_Pcp192;2024-05-18 19:57:48
eval_tr34exit_Pcp425;2024-05-18 20:03:52
eval_tr47exit_Pcp156;2024-05-18 20:50:57
eval_tr13exit_Pcp7;2024-05-18 22:11:45
eval_tr2exit_Pcp314;2024-05-18 22:29:28
eval_tr50exit_Pcp443;2024-05-18 23:08:43
eval_tr36exit_Pcp443;2024-05-18 23:23:33
eval_tr22exit_Pcp470;2024-05-19 00:44:01
eval_tr12exit_Pcp168;2024-05-19 00:55:50
eval_tr3exit_Pcp156;2024-05-19 02:30:20
eval_tr30exit_Pcp237;2024-05-20 13:31:08
eval_tr21exit_Pcp388;2024-05-20 13:40:36
eval_tr10exit_Pcp413;2024-05-20 13:47:44
eval_tr32exit_Pcp9;2024-05-20 13:53:09
eval_tr20exit_Pcp141;2024-05-20 14:36:51
eval_tr33exit_Pcp410;2024-05-20 14:43:25
eval_tr7exit_Pcp12;2024-05-20 14:54:08
eval_tr31exit_Pcp22;2024-05-20 15:12:39
eval_tr38exit_Pcp343;2024-05-20 15:25:33
eval_tr18exit_Pcp214;2024-05-20 15:25:53
eval_tr42exit_Pcp48;2024-05-20 15:26:26
eval_tr35exit_Pcp193;2024-05-20 15:28:44
eval_tr46exit_Pcp96;2024-05-20 15:34:00
eval_tr49exit_Pcp429;2024-05-20 15:41:56
eval_tr4exit_Pcp490;2024-05-20 15:43:27
eval_tr15exit_Pcp116;2024-05-20 15:46:20
eval_tr19exit_Pcp159;2024-05-20 15:59:51
eval_tr11exit_Pcp465;2024-05-20 16:01:56
eval_tr37exit_Pcp464;2024-05-20 16:08:03
eval_tr1exit_Pcp161;2024-05-20 16:23:09
eval_tr40exit_Pcp187;2024-05-20 16:38:04
eval_tr25exit_Pcp226;2024-05-20 16:47:13
eval_tr6exit_Pcp466;2024-05-20 16:50:28
eval_tr27exit_Pcp162;2024-05-20 16:56:09
eval_tr17exit_Pcp343;2024-05-20 17:04:53
eval_tr45exit_Pcp126;2024-05-20 17:20:50
eval_tr14exit_Pcp291;2024-05-20 17:48:31
eval_tr23exit_Pcp198;2024-05-20 17:50:27
eval_tr24exit_Pcp187;2024-05-20 17:53:13
eval_tr43exit_Pcp428;2024-05-20 17:55:40
eval_tr44exit_Pcp126;2024-05-20 17:56:55
eval_tr28exit_Pcp467;2024-05-20 17:57:32
eval_tr9exit_Pcp291;2024-05-20 18:02:51
eval_tr26exit_Pcp414;2024-05-20 18:28:53
eval_tr5exit_Pcp453;2024-05-20 18:46:05
eval_tr39exit_Pcp374;2024-05-20 18:48:02
eval_tr16exit_Pcp279;2024-05-20 19:50:11
eval_tr48exit_Pcp433;2024-05-20 20:45:50
eval_tr41exit_Pcp102;2024-05-20 21:05:15
eval_tr47exit_Pcp224;2024-05-20 21:38:47
eval_tr34exit_Pcp93;2024-05-20 22:09:43
eval_tr2exit_Pcp93;2024-05-20 23:06:39
eval_tr13exit_Pcp166;2024-05-20 23:37:11
eval_tr50exit_Pcp66;2024-05-21 00:06:56
eval_tr36exit_Pcp230;2024-05-21 00:42:19
eval_tr12exit_Pcp383;2024-05-21 02:13:49
eval_tr22exit_Pcp220;2024-05-21 02:24:22
eval_tr3exit_Pcp394;2024-05-21 03:29:04
eval_tr30exit_Pcp345;2024-05-22 14:25:42
eval_tr21exit_Pcp382;2024-05-22 14:41:09
eval_tr10exit_Pcp346;2024-05-22 15:04:12
eval_tr29exit_Pcp50;2024-05-22 15:10:23
eval_tr20exit_Pcp138;2024-05-22 15:18:49
eval_tr33exit_Pcp290;2024-05-22 15:38:17
eval_tr32exit_Pcp158;2024-05-22 16:02:19
eval_tr42exit_Pcp145;2024-05-22 16:06:48
eval_tr38exit_Pcp334;2024-05-22 16:35:49
eval_tr31exit_Pcp478;2024-05-22 16:37:20
eval_tr4exit_Pcp230;2024-05-22 16:41:48
eval_tr18exit_Pcp134;2024-05-22 17:05:15
eval_tr1exit_Pcp12;2024-05-22 17:18:32
eval_tr37exit_Pcp331;2024-05-22 17:19:54
eval_tr40exit_Pcp345;2024-05-22 17:31:55
eval_tr35exit_Pcp344;2024-05-22 17:32:28
eval_tr15exit_Pcp280;2024-05-22 17:39:27
eval_tr46exit_Pcp498;2024-05-22 18:14:21
eval_tr17exit_Pcp4;2024-05-22 18:18:09
eval_tr19exit_Pcp479;2024-05-22 18:38:21
eval_tr8exit_Pcp435;2024-05-22 18:38:45
eval_tr24exit_Pcp174;2024-05-22 18:44:22
eval_tr23exit_Pcp174;2024-05-22 18:46:05
eval_tr25exit_Pcp20;2024-05-22 18:48:30
eval_tr43exit_Pcp170;2024-05-22 19:12:32
eval_tr28exit_Pcp380;2024-05-22 19:12:54
eval_tr9exit_Pcp478;2024-05-22 19:17:20
eval_tr5exit_Pcp285;2024-05-22 19:48:55
eval_tr26exit_Pcp403;2024-05-22 20:27:44
eval_tr44exit_Pcp9;2024-05-22 20:36:20
eval_tr16exit_Pcp436;2024-05-22 21:22:02
eval_tr48exit_Pcp380;2024-05-22 21:55:52
eval_tr41exit_Pcp348;2024-05-22 23:50:23
eval_tr2exit_Pcp186;2024-05-23 00:04:34
eval_tr34exit_Pcp77;2024-05-23 00:24:59
eval_tr13exit_Pcp303;2024-05-23 00:40:11
eval_tr50exit_Pcp391;2024-05-23 00:54:35
eval_tr36exit_Pcp320;2024-05-23 01:49:09
eval_tr22exit_Pcp374;2024-05-23 03:34:13
eval_tr21exit_Pcp224;2024-05-24 15:41:07
eval_tr30exit_Pcp22;2024-05-24 15:58:22
eval_tr7exit_Pcp179;2024-05-24 16:23:08
eval_tr20exit_Pcp36;2024-05-24 16:48:53
eval_tr49exit_Pcp7;2024-05-24 16:59:30
eval_tr33exit_Pcp103;2024-05-24 17:01:36
eval_tr32exit_Pcp295;2024-05-24 17:09:19
eval_tr42exit_Pcp36;2024-05-24 17:25:17
eval_tr10exit_Pcp193;2024-05-24 17:31:49
eval_tr29exit_Pcp391;2024-05-24 17:39:48
eval_tr38exit_Pcp250;2024-05-24 17:42:09
eval_tr18exit_Pcp182;2024-05-24 18:15:28
eval_tr1exit_Pcp185;2024-05-24 19:53:19
eval_tr44exit_Pcp329;2024-05-25 05:08:30
eval_tr40exit_Pcp195;2024-05-25 06:56:46
eval_tr47exit_Pcp319;2024-05-26 01:20:39
eval_tr2exit_Pcp349;2024-05-26 08:57:18
eval_tr35exit_Pcp139;2024-05-26 09:13:30
eval_tr27exit_Pcp424;2024-05-26 11:31:42
eval_tr36exit_Pcp488;2024-05-26 12:05:23
eval_tr19exit_Pcp442;2024-05-26 12:46:06
eval_tr8exit_Pcp59;2024-05-26 12:50:07
eval_tr37exit_Pcp439;2024-05-26 13:19:58
eval_tr41exit_Pcp218;2024-05-26 20:00:14
eval_tr5exit_Pcp10;2024-05-27 09:01:39
eval_tr9exit_Pcp267;2024-05-28 03:31:36
eval_tr8exit_Pcp235;2024-05-31 08:50:32
