ocel_id;ocel_time
input_tally_tr7_Pcp35;2024-05-03 00:48:24
input_tally_tr38_Pcp35;2024-05-03 00:55:25
input_tally_tr17_Pcp88;2024-05-03 10:51:43
input_tally_tr6_Pcp88;2024-05-03 11:06:37
input_tally_tr13_Pcp89;2024-05-04 06:31:41
input_tally_tr3_Pcp89;2024-05-04 07:49:49
input_tally_tr34_Pcp338;2024-05-04 08:07:11
input_tally_tr50_Pcp338;2024-05-04 09:10:17
input_tally_tr11_Pcp228;2024-05-06 05:22:50
input_tally_tr21_Pcp228;2024-05-06 05:28:41
input_tally_tr44_Pcp169;2024-05-06 05:30:50
input_tally_tr4_Pcp287;2024-05-06 05:48:50
input_tally_tr33_Pcp146;2024-05-06 05:49:44
input_tally_tr5_Pcp245;2024-05-06 05:51:03
input_tally_tr40_Pcp245;2024-05-06 05:58:25
input_tally_tr32_Pcp287;2024-05-06 06:00:19
input_tally_tr30_Pcp128;2024-05-06 06:04:08
input_tally_tr6_Pcp119;2024-05-06 06:04:48
input_tally_tr26_Pcp415;2024-05-06 06:05:50
input_tally_tr19_Pcp119;2024-05-06 06:06:48
input_tally_tr23_Pcp468;2024-05-06 06:08:14
input_tally_tr15_Pcp234;2024-05-06 06:11:10
input_tally_tr37_Pcp81;2024-05-06 06:12:19
input_tally_tr38_Pcp69;2024-05-06 06:13:41
input_tally_tr49_Pcp258;2024-05-06 06:13:59
input_tally_tr39_Pcp169;2024-05-06 06:15:12
input_tally_tr28_Pcp105;2024-05-06 06:17:09
input_tally_tr8_Pcp234;2024-05-06 06:27:04
input_tally_tr16_Pcp440;2024-05-06 06:28:53
input_tally_tr7_Pcp258;2024-05-06 06:32:37
input_tally_tr29_Pcp69;2024-05-06 06:32:37
input_tally_tr9_Pcp415;2024-05-06 06:36:41
input_tally_tr25_Pcp110;2024-05-06 06:37:04
input_tally_tr24_Pcp82;2024-05-06 06:41:46
input_tally_tr46_Pcp190;2024-05-06 06:43:33
input_tally_tr20_Pcp82;2024-05-06 06:44:00
input_tally_tr27_Pcp190;2024-05-06 06:45:18
input_tally_tr17_Pcp81;2024-05-06 06:52:47
input_tally_tr31_Pcp105;2024-05-06 06:59:05
input_tally_tr45_Pcp146;2024-05-06 07:01:05
input_tally_tr18_Pcp110;2024-05-06 07:07:09
input_tally_tr14_Pcp404;2024-05-06 07:08:05
input_tally_tr42_Pcp440;2024-05-06 07:12:07
input_tally_tr1_Pcp404;2024-05-06 07:41:34
input_tally_tr13_Pcp438;2024-05-06 12:49:25
input_tally_tr41_Pcp459;2024-05-06 13:00:33
input_tally_tr34_Pcp121;2024-05-06 13:04:37
input_tally_tr12_Pcp432;2024-05-06 13:05:35
input_tally_tr48_Pcp121;2024-05-06 13:05:43
input_tally_tr50_Pcp459;2024-05-06 13:11:40
input_tally_tr2_Pcp14;2024-05-06 13:24:33
input_tally_tr3_Pcp219;2024-05-06 13:39:48
input_tally_tr36_Pcp432;2024-05-06 13:51:42
input_tally_tr22_Pcp14;2024-05-06 14:14:50
input_tally_tr47_Pcp438;2024-05-06 14:39:25
input_tally_tr10_Pcp271;2024-05-08 05:38:06
input_tally_tr4_Pcp219;2024-05-08 06:39:15
input_tally_tr23_Pcp434;2024-05-08 06:52:38
input_tally_tr26_Pcp209;2024-05-08 06:57:28
input_tally_tr44_Pcp223;2024-05-08 06:59:40
input_tally_tr35_Pcp434;2024-05-08 07:04:24
input_tally_tr40_Pcp482;2024-05-08 07:05:23
input_tally_tr30_Pcp497;2024-05-08 07:09:31
input_tally_tr49_Pcp213;2024-05-08 07:14:37
input_tally_tr20_Pcp498;2024-05-08 07:24:23
input_tally_tr43_Pcp99;2024-05-08 07:25:15
input_tally_tr46_Pcp106;2024-05-08 07:28:00
input_tally_tr29_Pcp240;2024-05-08 07:28:24
input_tally_tr21_Pcp421;2024-05-08 07:30:25
input_tally_tr33_Pcp354;2024-05-08 07:34:21
input_tally_tr11_Pcp99;2024-05-08 07:36:01
input_tally_tr19_Pcp354;2024-05-08 07:38:44
input_tally_tr27_Pcp94;2024-05-08 07:41:27
input_tally_tr18_Pcp452;2024-05-08 07:45:16
input_tally_tr15_Pcp208;2024-05-08 07:52:38
input_tally_tr39_Pcp248;2024-05-08 07:53:57
input_tally_tr7_Pcp94;2024-05-08 07:55:28
input_tally_tr31_Pcp208;2024-05-08 07:56:12
input_tally_tr37_Pcp38;2024-05-08 07:57:35
input_tally_tr24_Pcp70;2024-05-08 07:58:28
input_tally_tr45_Pcp294;2024-05-08 07:59:24
input_tally_tr42_Pcp450;2024-05-08 07:59:46
input_tally_tr38_Pcp421;2024-05-08 08:08:12
input_tally_tr8_Pcp73;2024-05-08 08:08:52
input_tally_tr25_Pcp293;2024-05-08 08:11:27
input_tally_tr17_Pcp248;2024-05-08 08:15:09
input_tally_tr6_Pcp363;2024-05-08 08:16:50
input_tally_tr32_Pcp487;2024-05-08 08:21:27
input_tally_tr14_Pcp497;2024-05-08 08:52:51
input_tally_tr16_Pcp70;2024-05-08 08:53:31
input_tally_tr5_Pcp194;2024-05-08 09:03:54
input_tally_tr9_Pcp451;2024-05-08 09:30:11
input_tally_tr28_Pcp223;2024-05-08 09:35:32
input_tally_tr41_Pcp86;2024-05-08 13:52:43
input_tally_tr2_Pcp495;2024-05-08 14:03:34
input_tally_tr12_Pcp162;2024-05-08 14:09:20
input_tally_tr50_Pcp482;2024-05-08 14:10:41
input_tally_tr13_Pcp73;2024-05-08 15:14:31
input_tally_tr36_Pcp367;2024-05-08 15:47:19
input_tally_tr22_Pcp113;2024-05-08 15:50:12
input_tally_tr3_Pcp104;2024-05-08 16:01:01
input_tally_tr10_Pcp407;2024-05-10 06:35:03
input_tally_tr35_Pcp324;2024-05-10 08:02:07
input_tally_tr20_Pcp171;2024-05-10 08:15:13
input_tally_tr30_Pcp454;2024-05-10 08:24:06
input_tally_tr21_Pcp63;2024-05-10 08:27:17
input_tally_tr44_Pcp427;2024-05-10 08:29:29
input_tally_tr11_Pcp479;2024-05-10 08:30:59
input_tally_tr49_Pcp330;2024-05-10 08:39:50
input_tally_tr33_Pcp360;2024-05-10 08:40:52
input_tally_tr25_Pcp407;2024-05-10 08:50:16
input_tally_tr38_Pcp86;2024-05-10 08:54:23
input_tally_tr7_Pcp168;2024-05-10 08:55:01
input_tally_tr18_Pcp207;2024-05-10 08:59:26
input_tally_tr26_Pcp320;2024-05-10 08:59:59
input_tally_tr29_Pcp113;2024-05-10 09:08:36
input_tally_tr1_Pcp207;2024-05-10 09:14:22
input_tally_tr40_Pcp1;2024-05-10 09:20:10
input_tally_tr17_Pcp305;2024-05-10 09:23:35
input_tally_tr4_Pcp428;2024-05-10 09:28:23
input_tally_tr32_Pcp64;2024-05-10 09:29:48
input_tally_tr24_Pcp249;2024-05-10 09:30:07
input_tally_tr15_Pcp96;2024-05-10 09:32:48
input_tally_tr8_Pcp221;2024-05-10 09:32:52
input_tally_tr46_Pcp309;2024-05-10 09:33:47
input_tally_tr6_Pcp336;2024-05-10 09:38:05
input_tally_tr23_Pcp389;2024-05-10 09:40:51
input_tally_tr39_Pcp362;2024-05-10 09:57:25
input_tally_tr43_Pcp472;2024-05-10 10:03:03
input_tally_tr19_Pcp20;2024-05-10 10:03:35
input_tally_tr45_Pcp102;2024-05-10 10:11:35
input_tally_tr14_Pcp197;2024-05-10 10:26:27
input_tally_tr42_Pcp23;2024-05-10 10:31:55
input_tally_tr31_Pcp484;2024-05-10 10:36:55
input_tally_tr28_Pcp155;2024-05-10 10:42:53
input_tally_tr37_Pcp253;2024-05-10 10:45:25
input_tally_tr27_Pcp336;2024-05-10 10:51:46
input_tally_tr9_Pcp431;2024-05-10 11:35:01
input_tally_tr16_Pcp163;2024-05-10 12:10:22
input_tally_tr5_Pcp334;2024-05-10 12:23:58
input_tally_tr48_Pcp95;2024-05-10 14:42:50
input_tally_tr34_Pcp311;2024-05-10 14:53:59
input_tally_tr41_Pcp49;2024-05-10 15:01:54
input_tally_tr50_Pcp48;2024-05-10 15:50:41
input_tally_tr2_Pcp397;2024-05-10 16:17:18
input_tally_tr13_Pcp490;2024-05-10 17:14:19
input_tally_tr22_Pcp330;2024-05-10 17:20:17
input_tally_tr47_Pcp430;2024-05-10 17:22:10
input_tally_tr12_Pcp104;2024-05-10 17:25:00
input_tally_tr36_Pcp369;2024-05-10 17:38:50
input_tally_tr3_Pcp270;2024-05-10 19:26:21
input_tally_tr10_Pcp116;2024-05-12 08:12:51
input_tally_tr20_Pcp103;2024-05-12 09:26:57
input_tally_tr49_Pcp469;2024-05-12 09:30:42
input_tally_tr44_Pcp427;2024-05-12 10:02:16
input_tally_tr7_Pcp470;2024-05-12 10:19:02
input_tally_tr25_Pcp281;2024-05-12 10:20:59
input_tally_tr40_Pcp275;2024-05-12 10:22:26
input_tally_tr32_Pcp457;2024-05-12 10:25:11
input_tally_tr4_Pcp38;2024-05-12 10:25:49
input_tally_tr8_Pcp76;2024-05-12 10:26:41
input_tally_tr15_Pcp213;2024-05-12 10:29:21
input_tally_tr38_Pcp296;2024-05-12 10:36:50
input_tally_tr33_Pcp45;2024-05-12 10:44:16
input_tally_tr11_Pcp397;2024-05-12 10:44:17
input_tally_tr35_Pcp342;2024-05-12 10:44:38
input_tally_tr18_Pcp260;2024-05-12 10:45:47
input_tally_tr29_Pcp276;2024-05-12 11:02:04
input_tally_tr19_Pcp151;2024-05-12 11:05:55
input_tally_tr46_Pcp177;2024-05-12 11:06:21
input_tally_tr17_Pcp423;2024-05-12 11:11:38
input_tally_tr42_Pcp205;2024-05-12 11:23:13
input_tally_tr1_Pcp485;2024-05-12 11:24:39
input_tally_tr31_Pcp196;2024-05-12 11:26:54
input_tally_tr37_Pcp447;2024-05-12 11:40:25
input_tally_tr24_Pcp41;2024-05-12 11:40:28
input_tally_tr28_Pcp447;2024-05-12 11:42:16
input_tally_tr26_Pcp175;2024-05-12 11:47:33
input_tally_tr43_Pcp204;2024-05-12 11:53:10
input_tally_tr14_Pcp49;2024-05-12 11:54:56
input_tally_tr23_Pcp56;2024-05-12 12:00:53
input_tally_tr6_Pcp106;2024-05-12 12:12:07
input_tally_tr27_Pcp236;2024-05-12 12:21:19
input_tally_tr39_Pcp24;2024-05-12 12:25:45
input_tally_tr9_Pcp23;2024-05-12 12:41:57
input_tally_tr16_Pcp117;2024-05-12 13:08:14
input_tally_tr5_Pcp453;2024-05-12 13:23:48
input_tally_tr48_Pcp294;2024-05-12 15:31:32
input_tally_tr41_Pcp284;2024-05-12 15:51:11
input_tally_tr34_Pcp211;2024-05-12 16:30:15
input_tally_tr50_Pcp72;2024-05-12 17:53:41
input_tally_tr2_Pcp179;2024-05-12 18:00:47
input_tally_tr12_Pcp151;2024-05-12 18:11:25
input_tally_tr13_Pcp25;2024-05-12 18:12:14
input_tally_tr47_Pcp367;2024-05-12 18:25:43
input_tally_tr36_Pcp209;2024-05-12 18:32:22
input_tally_tr22_Pcp395;2024-05-12 20:12:51
input_tally_tr3_Pcp342;2024-05-12 20:32:13
input_tally_tr30_Pcp182;2024-05-14 09:36:54
input_tally_tr20_Pcp202;2024-05-14 10:28:22
input_tally_tr10_Pcp355;2024-05-14 10:34:04
input_tally_tr15_Pcp411;2024-05-14 11:13:11
input_tally_tr25_Pcp153;2024-05-14 11:14:59
input_tally_tr7_Pcp77;2024-05-14 11:17:10
input_tally_tr40_Pcp100;2024-05-14 11:31:46
input_tally_tr18_Pcp396;2024-05-14 11:34:46
input_tally_tr33_Pcp370;2024-05-14 11:35:35
input_tally_tr45_Pcp296;2024-05-14 11:37:50
input_tally_tr31_Pcp211;2024-05-14 11:56:07
input_tally_tr19_Pcp131;2024-05-14 11:57:56
input_tally_tr29_Pcp117;2024-05-14 12:02:38
input_tally_tr38_Pcp284;2024-05-14 12:02:46
input_tally_tr4_Pcp252;2024-05-14 12:05:46
input_tally_tr44_Pcp159;2024-05-14 12:11:01
input_tally_tr46_Pcp476;2024-05-14 12:12:53
input_tally_tr42_Pcp171;2024-05-14 12:25:30
input_tally_tr11_Pcp408;2024-05-14 12:29:46
input_tally_tr49_Pcp487;2024-05-14 12:46:34
input_tally_tr23_Pcp270;2024-05-14 12:46:46
input_tally_tr24_Pcp197;2024-05-14 12:50:04
input_tally_tr17_Pcp275;2024-05-14 12:52:17
input_tally_tr1_Pcp398;2024-05-14 12:53:45
input_tally_tr8_Pcp419;2024-05-14 13:16:52
input_tally_tr26_Pcp467;2024-05-14 13:20:16
input_tally_tr28_Pcp379;2024-05-14 13:23:47
input_tally_tr37_Pcp72;2024-05-14 13:26:00
input_tally_tr43_Pcp309;2024-05-14 13:27:30
input_tally_tr27_Pcp172;2024-05-14 13:47:40
input_tally_tr39_Pcp473;2024-05-14 14:05:22
input_tally_tr9_Pcp253;2024-05-14 14:08:14
input_tally_tr6_Pcp435;2024-05-14 14:09:03
input_tally_tr14_Pcp249;2024-05-14 14:42:51
input_tally_tr16_Pcp465;2024-05-14 15:27:12
input_tally_tr5_Pcp454;2024-05-14 16:16:24
input_tally_tr48_Pcp268;2024-05-14 16:42:02
input_tally_tr41_Pcp76;2024-05-14 17:13:27
input_tally_tr34_Pcp383;2024-05-14 17:25:04
input_tally_tr13_Pcp369;2024-05-14 19:11:49
input_tally_tr47_Pcp217;2024-05-14 19:13:49
input_tally_tr2_Pcp460;2024-05-14 19:30:18
input_tally_tr36_Pcp327;2024-05-14 20:13:29
input_tally_tr50_Pcp452;2024-05-14 20:23:43
input_tally_tr12_Pcp45;2024-05-14 20:50:49
input_tally_tr22_Pcp141;2024-05-14 21:26:49
input_tally_tr3_Pcp484;2024-05-14 21:39:57
input_tally_tr21_Pcp408;2024-05-16 11:13:49
input_tally_tr30_Pcp290;2024-05-16 11:15:16
input_tally_tr10_Pcp221;2024-05-16 11:41:25
input_tally_tr20_Pcp395;2024-05-16 12:10:25
input_tally_tr7_Pcp46;2024-05-16 12:16:50
input_tally_tr35_Pcp56;2024-05-16 12:22:32
input_tally_tr25_Pcp365;2024-05-16 12:30:25
input_tally_tr15_Pcp257;2024-05-16 12:37:48
input_tally_tr40_Pcp145;2024-05-16 12:39:08
input_tally_tr46_Pcp204;2024-05-16 12:44:26
input_tally_tr38_Pcp344;2024-05-16 12:49:55
input_tally_tr29_Pcp163;2024-05-16 13:00:15
input_tally_tr44_Pcp411;2024-05-16 13:05:44
input_tally_tr19_Pcp130;2024-05-16 13:05:49
input_tally_tr4_Pcp346;2024-05-16 13:23:12
input_tally_tr18_Pcp456;2024-05-16 13:28:12
input_tally_tr31_Pcp483;2024-05-16 13:28:50
input_tally_tr42_Pcp403;2024-05-16 13:31:57
input_tally_tr11_Pcp107;2024-05-16 13:32:29
input_tally_tr45_Pcp226;2024-05-16 13:39:44
input_tally_tr49_Pcp360;2024-05-16 13:45:08
input_tally_tr37_Pcp134;2024-05-16 14:10:15
input_tally_tr23_Pcp281;2024-05-16 14:32:13
input_tally_tr1_Pcp396;2024-05-16 14:37:19
input_tally_tr8_Pcp158;2024-05-16 14:55:54
input_tally_tr43_Pcp214;2024-05-16 14:58:35
input_tally_tr27_Pcp43;2024-05-16 15:00:41
input_tally_tr6_Pcp279;2024-05-16 15:12:07
input_tally_tr9_Pcp74;2024-05-16 15:17:10
input_tally_tr28_Pcp293;2024-05-16 15:35:19
input_tally_tr14_Pcp485;2024-05-16 15:44:57
input_tally_tr39_Pcp327;2024-05-16 15:51:05
input_tally_tr24_Pcp436;2024-05-16 15:57:03
input_tally_tr26_Pcp268;2024-05-16 16:12:26
input_tally_tr16_Pcp198;2024-05-16 16:26:35
input_tally_tr5_Pcp363;2024-05-16 17:00:21
input_tally_tr41_Pcp315;2024-05-16 17:55:41
input_tally_tr48_Pcp131;2024-05-16 18:23:29
input_tally_tr34_Pcp74;2024-05-16 18:48:25
input_tally_tr47_Pcp476;2024-05-16 19:50:29
input_tally_tr13_Pcp472;2024-05-16 20:20:00
input_tally_tr2_Pcp362;2024-05-16 20:43:17
input_tally_tr50_Pcp483;2024-05-16 21:28:37
input_tally_tr36_Pcp85;2024-05-16 22:08:54
input_tally_tr22_Pcp466;2024-05-16 22:22:32
input_tally_tr12_Pcp389;2024-05-16 23:53:12
input_tally_tr3_Pcp324;2024-05-17 00:42:00
input_tally_tr30_Pcp1;2024-05-18 12:05:36
input_tally_tr32_Pcp379;2024-05-18 12:25:30
input_tally_tr21_Pcp155;2024-05-18 12:31:26
input_tally_tr10_Pcp130;2024-05-18 12:46:27
input_tally_tr33_Pcp410;2024-05-18 13:04:39
input_tally_tr15_Pcp34;2024-05-18 13:14:22
input_tally_tr20_Pcp100;2024-05-18 13:33:12
input_tally_tr38_Pcp161;2024-05-18 13:49:42
input_tally_tr25_Pcp41;2024-05-18 13:51:55
input_tally_tr29_Pcp263;2024-05-18 13:54:08
input_tally_tr4_Pcp240;2024-05-18 14:04:47
input_tally_tr7_Pcp339;2024-05-18 14:04:59
input_tally_tr40_Pcp431;2024-05-18 14:09:34
input_tally_tr35_Pcp34;2024-05-18 14:10:55
input_tally_tr31_Pcp469;2024-05-18 14:16:03
input_tally_tr18_Pcp285;2024-05-18 14:22:07
input_tally_tr46_Pcp220;2024-05-18 14:25:49
input_tally_tr42_Pcp315;2024-05-18 14:30:45
input_tally_tr49_Pcp152;2024-05-18 14:31:03
input_tally_tr11_Pcp398;2024-05-18 14:43:23
input_tally_tr37_Pcp85;2024-05-18 14:58:48
input_tally_tr1_Pcp314;2024-05-18 15:18:09
input_tally_tr44_Pcp124;2024-05-18 15:49:39
input_tally_tr45_Pcp170;2024-05-18 16:03:17
input_tally_tr6_Pcp166;2024-05-18 16:07:24
input_tally_tr9_Pcp464;2024-05-18 16:21:29
input_tally_tr17_Pcp433;2024-05-18 16:22:16
input_tally_tr27_Pcp107;2024-05-18 16:24:09
input_tally_tr43_Pcp306;2024-05-18 16:41:07
input_tally_tr23_Pcp64;2024-05-18 16:41:08
input_tally_tr28_Pcp460;2024-05-18 16:50:55
input_tally_tr24_Pcp46;2024-05-18 17:09:32
input_tally_tr8_Pcp430;2024-05-18 17:13:13
input_tally_tr26_Pcp388;2024-05-18 17:28:13
input_tally_tr39_Pcp450;2024-05-18 17:46:12
input_tally_tr5_Pcp303;2024-05-18 17:46:55
input_tally_tr16_Pcp172;2024-05-18 17:57:10
input_tally_tr41_Pcp217;2024-05-18 19:45:13
input_tally_tr48_Pcp192;2024-05-18 19:57:48
input_tally_tr34_Pcp425;2024-05-18 20:03:52
input_tally_tr47_Pcp156;2024-05-18 20:50:57
input_tally_tr13_Pcp7;2024-05-18 22:11:45
input_tally_tr2_Pcp314;2024-05-18 22:29:28
input_tally_tr50_Pcp443;2024-05-18 23:08:43
input_tally_tr36_Pcp443;2024-05-18 23:23:33
input_tally_tr22_Pcp470;2024-05-19 00:44:01
input_tally_tr12_Pcp168;2024-05-19 00:55:50
input_tally_tr3_Pcp156;2024-05-19 02:29:19
input_tally_tr30_Pcp237;2024-05-20 13:30:39
input_tally_tr21_Pcp388;2024-05-20 13:40:36
input_tally_tr10_Pcp413;2024-05-20 13:46:37
input_tally_tr32_Pcp9;2024-05-20 13:53:09
input_tally_tr20_Pcp141;2024-05-20 14:36:51
input_tally_tr33_Pcp410;2024-05-20 14:43:25
input_tally_tr7_Pcp12;2024-05-20 14:54:08
input_tally_tr31_Pcp22;2024-05-20 15:12:39
input_tally_tr38_Pcp343;2024-05-20 15:25:13
input_tally_tr18_Pcp214;2024-05-20 15:25:53
input_tally_tr42_Pcp48;2024-05-20 15:26:19
input_tally_tr35_Pcp193;2024-05-20 15:28:44
input_tally_tr46_Pcp96;2024-05-20 15:34:00
input_tally_tr49_Pcp429;2024-05-20 15:41:56
input_tally_tr4_Pcp490;2024-05-20 15:43:27
input_tally_tr15_Pcp116;2024-05-20 15:45:23
input_tally_tr19_Pcp159;2024-05-20 15:59:51
input_tally_tr11_Pcp465;2024-05-20 16:01:56
input_tally_tr37_Pcp464;2024-05-20 16:08:03
input_tally_tr1_Pcp161;2024-05-20 16:23:09
input_tally_tr40_Pcp187;2024-05-20 16:37:25
input_tally_tr25_Pcp226;2024-05-20 16:47:13
input_tally_tr6_Pcp466;2024-05-20 16:50:28
input_tally_tr27_Pcp162;2024-05-20 16:56:09
input_tally_tr17_Pcp343;2024-05-20 17:04:53
input_tally_tr45_Pcp126;2024-05-20 17:20:21
input_tally_tr14_Pcp291;2024-05-20 17:48:31
input_tally_tr23_Pcp198;2024-05-20 17:50:27
input_tally_tr24_Pcp187;2024-05-20 17:51:32
input_tally_tr43_Pcp428;2024-05-20 17:55:17
input_tally_tr44_Pcp126;2024-05-20 17:56:55
input_tally_tr28_Pcp467;2024-05-20 17:57:32
input_tally_tr9_Pcp291;2024-05-20 18:02:51
input_tally_tr26_Pcp414;2024-05-20 18:28:42
input_tally_tr5_Pcp453;2024-05-20 18:46:05
input_tally_tr39_Pcp374;2024-05-20 18:48:02
input_tally_tr16_Pcp279;2024-05-20 19:50:11
input_tally_tr48_Pcp433;2024-05-20 20:45:50
input_tally_tr41_Pcp102;2024-05-20 21:04:17
input_tally_tr47_Pcp224;2024-05-20 21:38:35
input_tally_tr34_Pcp93;2024-05-20 22:09:43
input_tally_tr2_Pcp93;2024-05-20 23:06:39
input_tally_tr13_Pcp166;2024-05-20 23:37:11
input_tally_tr50_Pcp66;2024-05-21 00:06:56
input_tally_tr36_Pcp230;2024-05-21 00:42:19
input_tally_tr12_Pcp383;2024-05-21 02:13:15
input_tally_tr22_Pcp220;2024-05-21 02:22:49
input_tally_tr3_Pcp394;2024-05-21 03:28:38
input_tally_tr30_Pcp345;2024-05-22 14:25:39
input_tally_tr21_Pcp382;2024-05-22 14:41:09
input_tally_tr10_Pcp346;2024-05-22 15:03:48
input_tally_tr29_Pcp50;2024-05-22 15:10:23
input_tally_tr20_Pcp138;2024-05-22 15:18:49
input_tally_tr33_Pcp290;2024-05-22 15:38:17
input_tally_tr32_Pcp158;2024-05-22 16:02:19
input_tally_tr42_Pcp145;2024-05-22 16:05:24
input_tally_tr38_Pcp334;2024-05-22 16:35:49
input_tally_tr31_Pcp478;2024-05-22 16:37:20
input_tally_tr4_Pcp230;2024-05-22 16:41:48
input_tally_tr18_Pcp134;2024-05-22 17:04:13
input_tally_tr37_Pcp331;2024-05-22 17:18:19
input_tally_tr1_Pcp12;2024-05-22 17:18:32
input_tally_tr40_Pcp345;2024-05-22 17:31:04
input_tally_tr35_Pcp344;2024-05-22 17:32:28
input_tally_tr15_Pcp280;2024-05-22 17:39:27
input_tally_tr46_Pcp498;2024-05-22 18:12:28
input_tally_tr17_Pcp4;2024-05-22 18:18:09
input_tally_tr8_Pcp435;2024-05-22 18:37:17
input_tally_tr19_Pcp479;2024-05-22 18:38:21
input_tally_tr24_Pcp174;2024-05-22 18:44:22
input_tally_tr23_Pcp174;2024-05-22 18:44:32
input_tally_tr25_Pcp20;2024-05-22 18:48:30
input_tally_tr43_Pcp170;2024-05-22 19:12:32
input_tally_tr28_Pcp380;2024-05-22 19:12:54
input_tally_tr9_Pcp478;2024-05-22 19:17:20
input_tally_tr5_Pcp285;2024-05-22 19:48:55
input_tally_tr26_Pcp403;2024-05-22 20:27:44
input_tally_tr44_Pcp9;2024-05-22 20:36:20
input_tally_tr16_Pcp436;2024-05-22 21:22:02
input_tally_tr48_Pcp380;2024-05-22 21:54:50
input_tally_tr41_Pcp348;2024-05-22 23:49:59
input_tally_tr2_Pcp186;2024-05-23 00:03:38
input_tally_tr34_Pcp77;2024-05-23 00:24:59
input_tally_tr13_Pcp303;2024-05-23 00:40:11
input_tally_tr50_Pcp391;2024-05-23 00:54:35
input_tally_tr36_Pcp320;2024-05-23 01:49:09
input_tally_tr22_Pcp374;2024-05-23 03:34:02
input_tally_tr21_Pcp224;2024-05-24 15:41:02
input_tally_tr30_Pcp22;2024-05-24 15:56:12
input_tally_tr7_Pcp179;2024-05-24 16:22:20
input_tally_tr20_Pcp36;2024-05-24 16:48:53
input_tally_tr49_Pcp7;2024-05-24 16:59:30
input_tally_tr33_Pcp103;2024-05-24 17:01:29
input_tally_tr32_Pcp295;2024-05-24 17:09:19
input_tally_tr42_Pcp36;2024-05-24 17:25:17
input_tally_tr10_Pcp193;2024-05-24 17:31:19
input_tally_tr29_Pcp391;2024-05-24 17:39:48
input_tally_tr38_Pcp250;2024-05-24 17:41:51
input_tally_tr18_Pcp182;2024-05-24 18:15:28
input_tally_tr1_Pcp185;2024-05-24 19:52:33
input_tally_tr44_Pcp329;2024-05-25 05:08:30
input_tally_tr40_Pcp195;2024-05-25 06:56:46
input_tally_tr47_Pcp319;2024-05-26 01:20:39
input_tally_tr2_Pcp349;2024-05-26 08:56:17
input_tally_tr35_Pcp139;2024-05-26 09:13:30
input_tally_tr27_Pcp424;2024-05-26 11:30:46
input_tally_tr36_Pcp488;2024-05-26 12:05:15
input_tally_tr19_Pcp442;2024-05-26 12:46:06
input_tally_tr8_Pcp59;2024-05-26 12:50:07
input_tally_tr37_Pcp439;2024-05-26 13:19:58
input_tally_tr41_Pcp218;2024-05-26 20:00:14
input_tally_tr5_Pcp10;2024-05-27 09:01:39
input_tally_tr9_Pcp267;2024-05-28 03:31:36
input_tally_tr8_Pcp235;2024-05-31 08:50:32
