ocel_id;ocel_time
weigh_empty_tr38_Pcp35;2024-05-03 00:07:53
weigh_empty_tr7_Pcp35;2024-05-03 00:09:03
weigh_empty_tr17_Pcp88;2024-05-03 10:01:06
weigh_empty_tr6_Pcp88;2024-05-03 10:08:11
weigh_empty_tr13_Pcp89;2024-05-04 06:01:01
weigh_empty_tr3_Pcp89;2024-05-04 06:07:13
weigh_empty_tr34_Pcp338;2024-05-04 07:01:04
weigh_empty_tr50_Pcp338;2024-05-04 07:23:49
weigh_empty_tr9_Pcp415;2024-05-06 04:55:25
weigh_empty_tr39_Pcp169;2024-05-06 04:56:25
weigh_empty_tr11_Pcp228;2024-05-06 04:59:19
weigh_empty_tr21_Pcp228;2024-05-06 04:59:31
weigh_empty_tr44_Pcp169;2024-05-06 05:01:31
weigh_empty_tr10_Pcp385;2024-05-06 05:03:32
weigh_empty_tr43_Pcp468;2024-05-06 05:04:33
weigh_empty_tr26_Pcp415;2024-05-06 05:04:49
weigh_empty_tr35_Pcp385;2024-05-06 05:07:23
weigh_empty_tr45_Pcp146;2024-05-06 05:13:15
weigh_empty_tr33_Pcp146;2024-05-06 05:13:45
weigh_empty_tr38_Pcp69;2024-05-06 05:15:03
weigh_empty_tr8_Pcp234;2024-05-06 05:15:15
weigh_empty_tr27_Pcp190;2024-05-06 05:18:04
weigh_empty_tr5_Pcp245;2024-05-06 05:18:57
weigh_empty_tr6_Pcp119;2024-05-06 05:19:00
weigh_empty_tr29_Pcp69;2024-05-06 05:19:14
weigh_empty_tr46_Pcp190;2024-05-06 05:20:22
weigh_empty_tr23_Pcp468;2024-05-06 05:21:42
weigh_empty_tr40_Pcp245;2024-05-06 05:23:15
weigh_empty_tr4_Pcp287;2024-05-06 05:24:54
weigh_empty_tr30_Pcp128;2024-05-06 05:25:23
weigh_empty_tr31_Pcp105;2024-05-06 05:26:16
weigh_empty_tr25_Pcp110;2024-05-06 05:26:31
weigh_empty_tr15_Pcp234;2024-05-06 05:27:01
weigh_empty_tr18_Pcp110;2024-05-06 05:29:22
weigh_empty_tr37_Pcp81;2024-05-06 05:29:57
weigh_empty_tr32_Pcp287;2024-05-06 05:31:03
weigh_empty_tr16_Pcp440;2024-05-06 05:31:57
weigh_empty_tr7_Pcp258;2024-05-06 05:33:07
weigh_empty_tr49_Pcp258;2024-05-06 05:35:11
weigh_empty_tr19_Pcp119;2024-05-06 05:35:42
weigh_empty_tr1_Pcp404;2024-05-06 05:36:59
weigh_empty_tr17_Pcp81;2024-05-06 05:40:04
weigh_empty_tr14_Pcp404;2024-05-06 05:40:14
weigh_empty_tr24_Pcp82;2024-05-06 05:40:27
weigh_empty_tr42_Pcp440;2024-05-06 05:40:34
weigh_empty_tr28_Pcp105;2024-05-06 05:51:34
weigh_empty_tr20_Pcp82;2024-05-06 05:54:11
weigh_empty_tr47_Pcp438;2024-05-06 12:08:58
weigh_empty_tr48_Pcp121;2024-05-06 12:11:20
weigh_empty_tr34_Pcp121;2024-05-06 12:15:31
weigh_empty_tr13_Pcp438;2024-05-06 12:19:44
weigh_empty_tr50_Pcp459;2024-05-06 12:22:03
weigh_empty_tr2_Pcp14;2024-05-06 12:23:57
weigh_empty_tr41_Pcp459;2024-05-06 12:27:48
weigh_empty_tr12_Pcp432;2024-05-06 12:28:50
weigh_empty_tr22_Pcp14;2024-05-06 12:30:42
weigh_empty_tr36_Pcp432;2024-05-06 12:31:42
weigh_empty_tr3_Pcp219;2024-05-06 12:32:50
weigh_empty_tr10_Pcp271;2024-05-08 05:12:39
weigh_empty_tr43_Pcp99;2024-05-08 05:22:39
weigh_empty_tr35_Pcp434;2024-05-08 05:34:18
weigh_empty_tr21_Pcp421;2024-05-08 05:44:29
weigh_empty_tr44_Pcp223;2024-05-08 05:44:37
weigh_empty_tr11_Pcp99;2024-05-08 05:56:18
weigh_empty_tr4_Pcp219;2024-05-08 06:06:39
weigh_empty_tr5_Pcp194;2024-05-08 06:10:04
weigh_empty_tr30_Pcp497;2024-05-08 06:15:27
weigh_empty_tr33_Pcp354;2024-05-08 06:17:26
weigh_empty_tr32_Pcp487;2024-05-08 06:17:34
weigh_empty_tr23_Pcp434;2024-05-08 06:20:21
weigh_empty_tr6_Pcp363;2024-05-08 06:21:26
weigh_empty_tr26_Pcp209;2024-05-08 06:22:50
weigh_empty_tr40_Pcp482;2024-05-08 06:24:25
weigh_empty_tr15_Pcp208;2024-05-08 06:25:47
weigh_empty_tr19_Pcp354;2024-05-08 06:28:47
weigh_empty_tr49_Pcp213;2024-05-08 06:30:53
weigh_empty_tr37_Pcp38;2024-05-08 06:31:56
weigh_empty_tr28_Pcp223;2024-05-08 06:33:25
weigh_empty_tr8_Pcp73;2024-05-08 06:41:45
weigh_empty_tr16_Pcp70;2024-05-08 06:50:59
weigh_empty_tr29_Pcp240;2024-05-08 06:52:03
weigh_empty_tr25_Pcp293;2024-05-08 06:52:07
weigh_empty_tr9_Pcp451;2024-05-08 06:54:27
weigh_empty_tr7_Pcp94;2024-05-08 06:59:41
weigh_empty_tr20_Pcp498;2024-05-08 06:59:44
weigh_empty_tr39_Pcp248;2024-05-08 07:00:06
weigh_empty_tr24_Pcp70;2024-05-08 07:00:24
weigh_empty_tr38_Pcp421;2024-05-08 07:05:57
weigh_empty_tr46_Pcp106;2024-05-08 07:06:00
weigh_empty_tr45_Pcp294;2024-05-08 07:08:18
weigh_empty_tr27_Pcp94;2024-05-08 07:11:36
weigh_empty_tr17_Pcp248;2024-05-08 07:13:50
weigh_empty_tr31_Pcp208;2024-05-08 07:19:15
weigh_empty_tr18_Pcp452;2024-05-08 07:23:49
weigh_empty_tr42_Pcp450;2024-05-08 07:35:04
weigh_empty_tr14_Pcp497;2024-05-08 07:46:14
weigh_empty_tr1_Pcp451;2024-05-08 08:05:15
weigh_empty_tr13_Pcp73;2024-05-08 12:58:34
weigh_empty_tr41_Pcp86;2024-05-08 13:22:44
weigh_empty_tr12_Pcp162;2024-05-08 13:23:52
weigh_empty_tr48_Pcp365;2024-05-08 13:29:09
weigh_empty_tr34_Pcp205;2024-05-08 13:30:37
weigh_empty_tr50_Pcp482;2024-05-08 13:32:21
weigh_empty_tr2_Pcp495;2024-05-08 13:41:58
weigh_empty_tr3_Pcp104;2024-05-08 13:54:34
weigh_empty_tr36_Pcp367;2024-05-08 14:17:48
weigh_empty_tr22_Pcp113;2024-05-08 14:33:35
weigh_empty_tr47_Pcp124;2024-05-08 15:04:20
weigh_empty_tr10_Pcp407;2024-05-10 05:54:08
weigh_empty_tr4_Pcp428;2024-05-10 06:54:57
weigh_empty_tr23_Pcp389;2024-05-10 07:03:08
weigh_empty_tr44_Pcp427;2024-05-10 07:13:00
weigh_empty_tr26_Pcp320;2024-05-10 07:15:01
weigh_empty_tr40_Pcp1;2024-05-10 07:20:27
weigh_empty_tr35_Pcp324;2024-05-10 07:30:30
weigh_empty_tr49_Pcp330;2024-05-10 07:37:47
weigh_empty_tr30_Pcp454;2024-05-10 07:37:59
weigh_empty_tr21_Pcp63;2024-05-10 07:44:46
weigh_empty_tr46_Pcp309;2024-05-10 07:45:45
weigh_empty_tr20_Pcp171;2024-05-10 07:48:08
weigh_empty_tr29_Pcp113;2024-05-10 07:49:26
weigh_empty_tr11_Pcp479;2024-05-10 07:50:59
weigh_empty_tr33_Pcp360;2024-05-10 07:51:51
weigh_empty_tr19_Pcp20;2024-05-10 07:52:42
weigh_empty_tr27_Pcp336;2024-05-10 07:53:12
weigh_empty_tr18_Pcp207;2024-05-10 08:04:15
weigh_empty_tr43_Pcp472;2024-05-10 08:04:17
weigh_empty_tr31_Pcp484;2024-05-10 08:11:11
weigh_empty_tr39_Pcp362;2024-05-10 08:13:04
weigh_empty_tr45_Pcp102;2024-05-10 08:15:56
weigh_empty_tr37_Pcp253;2024-05-10 08:16:12
weigh_empty_tr24_Pcp249;2024-05-10 08:18:28
weigh_empty_tr7_Pcp168;2024-05-10 08:19:16
weigh_empty_tr38_Pcp86;2024-05-10 08:20:39
weigh_empty_tr15_Pcp96;2024-05-10 08:23:12
weigh_empty_tr25_Pcp407;2024-05-10 08:25:48
weigh_empty_tr6_Pcp336;2024-05-10 08:34:11
weigh_empty_tr42_Pcp23;2024-05-10 08:35:07
weigh_empty_tr8_Pcp221;2024-05-10 08:35:08
weigh_empty_tr17_Pcp305;2024-05-10 08:37:41
weigh_empty_tr32_Pcp64;2024-05-10 08:40:34
weigh_empty_tr1_Pcp207;2024-05-10 08:44:52
weigh_empty_tr16_Pcp163;2024-05-10 09:12:08
weigh_empty_tr14_Pcp197;2024-05-10 09:13:59
weigh_empty_tr5_Pcp334;2024-05-10 09:33:26
weigh_empty_tr28_Pcp155;2024-05-10 09:59:01
weigh_empty_tr9_Pcp431;2024-05-10 09:59:43
weigh_empty_tr48_Pcp95;2024-05-10 13:42:10
weigh_empty_tr34_Pcp311;2024-05-10 13:57:32
weigh_empty_tr2_Pcp397;2024-05-10 14:20:30
weigh_empty_tr12_Pcp104;2024-05-10 14:21:27
weigh_empty_tr50_Pcp48;2024-05-10 14:28:36
weigh_empty_tr41_Pcp49;2024-05-10 14:36:27
weigh_empty_tr13_Pcp490;2024-05-10 15:25:14
weigh_empty_tr47_Pcp430;2024-05-10 15:37:01
weigh_empty_tr36_Pcp369;2024-05-10 15:58:02
weigh_empty_tr22_Pcp330;2024-05-10 16:05:09
weigh_empty_tr3_Pcp270;2024-05-10 16:21:29
weigh_empty_tr10_Pcp116;2024-05-12 06:49:44
weigh_empty_tr35_Pcp342;2024-05-12 08:24:23
weigh_empty_tr20_Pcp103;2024-05-12 08:24:53
weigh_empty_tr21_Pcp310;2024-05-12 08:37:16
weigh_empty_tr11_Pcp397;2024-05-12 08:42:53
weigh_empty_tr30_Pcp202;2024-05-12 08:46:49
weigh_empty_tr44_Pcp427;2024-05-12 08:47:05
weigh_empty_tr49_Pcp469;2024-05-12 08:51:33
weigh_empty_tr25_Pcp281;2024-05-12 08:57:56
weigh_empty_tr33_Pcp45;2024-05-12 09:07:26
weigh_empty_tr26_Pcp175;2024-05-12 09:13:38
weigh_empty_tr18_Pcp260;2024-05-12 09:14:34
weigh_empty_tr7_Pcp470;2024-05-12 09:17:43
weigh_empty_tr38_Pcp296;2024-05-12 09:27:15
weigh_empty_tr40_Pcp275;2024-05-12 09:37:38
weigh_empty_tr29_Pcp276;2024-05-12 09:39:40
weigh_empty_tr1_Pcp485;2024-05-12 09:40:04
weigh_empty_tr4_Pcp38;2024-05-12 09:43:26
weigh_empty_tr24_Pcp41;2024-05-12 09:43:44
weigh_empty_tr8_Pcp76;2024-05-12 09:46:44
weigh_empty_tr15_Pcp213;2024-05-12 09:58:47
weigh_empty_tr32_Pcp457;2024-05-12 09:59:11
weigh_empty_tr17_Pcp423;2024-05-12 09:59:15
weigh_empty_tr46_Pcp177;2024-05-12 09:59:38
weigh_empty_tr6_Pcp106;2024-05-12 09:59:45
weigh_empty_tr23_Pcp56;2024-05-12 10:05:54
weigh_empty_tr39_Pcp24;2024-05-12 10:18:23
weigh_empty_tr43_Pcp204;2024-05-12 10:18:32
weigh_empty_tr19_Pcp151;2024-05-12 10:25:58
weigh_empty_tr45_Pcp495;2024-05-12 10:31:10
weigh_empty_tr14_Pcp49;2024-05-12 10:36:51
weigh_empty_tr42_Pcp205;2024-05-12 10:47:50
weigh_empty_tr31_Pcp196;2024-05-12 10:50:47
weigh_empty_tr28_Pcp447;2024-05-12 10:53:17
weigh_empty_tr37_Pcp447;2024-05-12 11:04:56
weigh_empty_tr27_Pcp236;2024-05-12 11:19:24
weigh_empty_tr9_Pcp23;2024-05-12 12:04:31
weigh_empty_tr16_Pcp117;2024-05-12 12:31:07
weigh_empty_tr5_Pcp453;2024-05-12 12:48:26
weigh_empty_tr48_Pcp294;2024-05-12 14:57:12
weigh_empty_tr34_Pcp211;2024-05-12 15:12:52
weigh_empty_tr41_Pcp284;2024-05-12 15:22:37
weigh_empty_tr2_Pcp179;2024-05-12 16:34:27
weigh_empty_tr50_Pcp72;2024-05-12 16:36:02
weigh_empty_tr22_Pcp395;2024-05-12 17:34:12
weigh_empty_tr47_Pcp367;2024-05-12 17:35:06
weigh_empty_tr13_Pcp25;2024-05-12 17:39:40
weigh_empty_tr12_Pcp151;2024-05-12 17:43:04
weigh_empty_tr36_Pcp209;2024-05-12 17:55:41
weigh_empty_tr3_Pcp342;2024-05-12 19:48:58
weigh_empty_tr10_Pcp355;2024-05-14 08:30:16
weigh_empty_tr21_Pcp177;2024-05-14 09:06:27
weigh_empty_tr30_Pcp182;2024-05-14 09:07:50
weigh_empty_tr20_Pcp202;2024-05-14 09:49:40
weigh_empty_tr49_Pcp487;2024-05-14 10:03:42
weigh_empty_tr40_Pcp100;2024-05-14 10:38:53
weigh_empty_tr4_Pcp252;2024-05-14 10:40:30
weigh_empty_tr15_Pcp411;2024-05-14 10:40:51
weigh_empty_tr7_Pcp77;2024-05-14 10:41:06
weigh_empty_tr32_Pcp423;2024-05-14 10:43:17
weigh_empty_tr25_Pcp153;2024-05-14 10:46:46
weigh_empty_tr8_Pcp419;2024-05-14 10:50:53
weigh_empty_tr35_Pcp142;2024-05-14 10:52:42
weigh_empty_tr33_Pcp370;2024-05-14 10:56:59
weigh_empty_tr44_Pcp159;2024-05-14 10:57:15
weigh_empty_tr18_Pcp396;2024-05-14 10:57:40
weigh_empty_tr11_Pcp408;2024-05-14 11:01:54
weigh_empty_tr45_Pcp296;2024-05-14 11:03:03
weigh_empty_tr38_Pcp284;2024-05-14 11:14:15
weigh_empty_tr29_Pcp117;2024-05-14 11:16:01
weigh_empty_tr19_Pcp131;2024-05-14 11:21:38
weigh_empty_tr46_Pcp476;2024-05-14 11:28:20
weigh_empty_tr17_Pcp275;2024-05-14 11:35:24
weigh_empty_tr31_Pcp211;2024-05-14 11:36:49
weigh_empty_tr42_Pcp171;2024-05-14 11:40:14
weigh_empty_tr1_Pcp398;2024-05-14 11:41:18
weigh_empty_tr26_Pcp467;2024-05-14 12:00:05
weigh_empty_tr28_Pcp379;2024-05-14 12:01:07
weigh_empty_tr37_Pcp72;2024-05-14 12:03:32
weigh_empty_tr14_Pcp249;2024-05-14 12:05:04
weigh_empty_tr24_Pcp197;2024-05-14 12:05:35
weigh_empty_tr23_Pcp270;2024-05-14 12:09:17
weigh_empty_tr43_Pcp309;2024-05-14 12:09:52
weigh_empty_tr6_Pcp435;2024-05-14 12:30:52
weigh_empty_tr27_Pcp172;2024-05-14 12:36:01
weigh_empty_tr39_Pcp473;2024-05-14 12:40:03
weigh_empty_tr9_Pcp253;2024-05-14 13:13:31
weigh_empty_tr16_Pcp465;2024-05-14 13:24:00
weigh_empty_tr5_Pcp454;2024-05-14 13:52:34
weigh_empty_tr48_Pcp268;2024-05-14 15:56:39
weigh_empty_tr41_Pcp76;2024-05-14 16:16:53
weigh_empty_tr34_Pcp383;2024-05-14 16:53:33
weigh_empty_tr50_Pcp452;2024-05-14 18:07:12
weigh_empty_tr2_Pcp460;2024-05-14 18:16:47
weigh_empty_tr12_Pcp45;2024-05-14 18:28:29
weigh_empty_tr13_Pcp369;2024-05-14 18:30:28
weigh_empty_tr47_Pcp217;2024-05-14 18:35:07
weigh_empty_tr36_Pcp327;2024-05-14 18:53:19
weigh_empty_tr22_Pcp141;2024-05-14 20:41:29
weigh_empty_tr3_Pcp484;2024-05-14 20:56:06
weigh_empty_tr21_Pcp408;2024-05-16 09:46:32
weigh_empty_tr30_Pcp290;2024-05-16 10:04:56
weigh_empty_tr20_Pcp395;2024-05-16 10:36:27
weigh_empty_tr10_Pcp221;2024-05-16 10:48:04
weigh_empty_tr32_Pcp339;2024-05-16 11:15:23
weigh_empty_tr15_Pcp257;2024-05-16 11:27:29
weigh_empty_tr25_Pcp365;2024-05-16 11:35:24
weigh_empty_tr35_Pcp56;2024-05-16 11:38:28
weigh_empty_tr7_Pcp46;2024-05-16 11:47:20
weigh_empty_tr33_Pcp341;2024-05-16 11:54:15
weigh_empty_tr40_Pcp145;2024-05-16 11:55:56
weigh_empty_tr45_Pcp226;2024-05-16 12:03:44
weigh_empty_tr31_Pcp483;2024-05-16 12:12:43
weigh_empty_tr18_Pcp456;2024-05-16 12:13:43
weigh_empty_tr19_Pcp130;2024-05-16 12:17:40
weigh_empty_tr38_Pcp344;2024-05-16 12:18:50
weigh_empty_tr46_Pcp204;2024-05-16 12:21:13
weigh_empty_tr4_Pcp346;2024-05-16 12:27:22
weigh_empty_tr29_Pcp163;2024-05-16 12:33:29
weigh_empty_tr44_Pcp411;2024-05-16 12:34:57
weigh_empty_tr11_Pcp107;2024-05-16 12:54:08
weigh_empty_tr42_Pcp403;2024-05-16 12:57:21
weigh_empty_tr49_Pcp360;2024-05-16 13:08:09
weigh_empty_tr17_Pcp306;2024-05-16 13:16:24
weigh_empty_tr23_Pcp281;2024-05-16 13:17:58
weigh_empty_tr1_Pcp396;2024-05-16 13:30:06
weigh_empty_tr24_Pcp436;2024-05-16 13:33:14
weigh_empty_tr37_Pcp134;2024-05-16 13:35:59
weigh_empty_tr8_Pcp158;2024-05-16 13:36:46
weigh_empty_tr26_Pcp268;2024-05-16 13:37:25
weigh_empty_tr43_Pcp214;2024-05-16 13:39:45
weigh_empty_tr28_Pcp293;2024-05-16 13:53:34
weigh_empty_tr39_Pcp327;2024-05-16 14:14:38
weigh_empty_tr27_Pcp43;2024-05-16 14:14:46
weigh_empty_tr9_Pcp74;2024-05-16 14:38:15
weigh_empty_tr6_Pcp279;2024-05-16 14:40:23
weigh_empty_tr14_Pcp485;2024-05-16 14:54:29
weigh_empty_tr16_Pcp198;2024-05-16 15:50:48
weigh_empty_tr5_Pcp363;2024-05-16 16:41:19
weigh_empty_tr48_Pcp131;2024-05-16 17:10:15
weigh_empty_tr41_Pcp315;2024-05-16 17:33:44
weigh_empty_tr34_Pcp74;2024-05-16 17:54:06
weigh_empty_tr47_Pcp476;2024-05-16 19:25:00
weigh_empty_tr13_Pcp472;2024-05-16 19:37:12
weigh_empty_tr2_Pcp362;2024-05-16 19:43:14
weigh_empty_tr50_Pcp483;2024-05-16 20:34:59
weigh_empty_tr36_Pcp85;2024-05-16 20:37:39
weigh_empty_tr12_Pcp389;2024-05-16 21:00:43
weigh_empty_tr22_Pcp466;2024-05-16 21:41:17
weigh_empty_tr3_Pcp324;2024-05-16 21:54:38
weigh_empty_tr21_Pcp155;2024-05-18 11:27:24
weigh_empty_tr30_Pcp1;2024-05-18 11:36:53
weigh_empty_tr32_Pcp379;2024-05-18 11:47:18
weigh_empty_tr10_Pcp130;2024-05-18 12:03:12
weigh_empty_tr33_Pcp410;2024-05-18 12:27:22
weigh_empty_tr7_Pcp339;2024-05-18 12:31:51
weigh_empty_tr20_Pcp100;2024-05-18 12:31:53
weigh_empty_tr35_Pcp34;2024-05-18 12:35:13
weigh_empty_tr15_Pcp34;2024-05-18 12:52:46
weigh_empty_tr25_Pcp41;2024-05-18 12:53:39
weigh_empty_tr46_Pcp220;2024-05-18 13:06:39
weigh_empty_tr38_Pcp161;2024-05-18 13:09:01
weigh_empty_tr29_Pcp263;2024-05-18 13:09:43
weigh_empty_tr40_Pcp431;2024-05-18 13:10:51
weigh_empty_tr44_Pcp124;2024-05-18 13:30:17
weigh_empty_tr19_Pcp186;2024-05-18 13:32:39
weigh_empty_tr4_Pcp240;2024-05-18 13:37:53
weigh_empty_tr17_Pcp433;2024-05-18 13:44:17
weigh_empty_tr31_Pcp469;2024-05-18 13:46:47
weigh_empty_tr18_Pcp285;2024-05-18 13:50:24
weigh_empty_tr42_Pcp315;2024-05-18 13:52:22
weigh_empty_tr45_Pcp170;2024-05-18 14:01:24
weigh_empty_tr49_Pcp152;2024-05-18 14:01:29
weigh_empty_tr11_Pcp398;2024-05-18 14:06:25
weigh_empty_tr37_Pcp85;2024-05-18 14:32:06
weigh_empty_tr1_Pcp314;2024-05-18 14:47:12
weigh_empty_tr23_Pcp64;2024-05-18 15:01:08
weigh_empty_tr43_Pcp306;2024-05-18 15:14:34
weigh_empty_tr27_Pcp107;2024-05-18 15:15:59
weigh_empty_tr8_Pcp430;2024-05-18 15:19:41
weigh_empty_tr6_Pcp166;2024-05-18 15:28:06
weigh_empty_tr9_Pcp464;2024-05-18 15:37:10
weigh_empty_tr14_Pcp311;2024-05-18 15:57:58
weigh_empty_tr28_Pcp460;2024-05-18 15:59:17
weigh_empty_tr39_Pcp450;2024-05-18 16:09:12
weigh_empty_tr24_Pcp46;2024-05-18 16:27:44
weigh_empty_tr26_Pcp388;2024-05-18 16:38:01
weigh_empty_tr16_Pcp172;2024-05-18 16:40:28
weigh_empty_tr5_Pcp303;2024-05-18 17:17:25
weigh_empty_tr41_Pcp217;2024-05-18 18:13:06
weigh_empty_tr48_Pcp192;2024-05-18 18:48:23
weigh_empty_tr34_Pcp425;2024-05-18 19:02:03
weigh_empty_tr47_Pcp156;2024-05-18 20:06:12
weigh_empty_tr13_Pcp7;2024-05-18 20:47:48
weigh_empty_tr2_Pcp314;2024-05-18 21:18:09
weigh_empty_tr50_Pcp443;2024-05-18 21:49:06
weigh_empty_tr36_Pcp443;2024-05-18 22:22:11
weigh_empty_tr22_Pcp470;2024-05-18 22:35:25
weigh_empty_tr12_Pcp168;2024-05-19 00:15:23
weigh_empty_tr3_Pcp156;2024-05-19 01:05:23
weigh_empty_tr30_Pcp237;2024-05-20 12:15:39
weigh_empty_tr32_Pcp9;2024-05-20 12:43:45
weigh_empty_tr21_Pcp388;2024-05-20 12:51:14
weigh_empty_tr10_Pcp413;2024-05-20 13:06:54
weigh_empty_tr33_Pcp410;2024-05-20 13:36:22
weigh_empty_tr15_Pcp116;2024-05-20 13:36:36
weigh_empty_tr20_Pcp141;2024-05-20 13:54:37
weigh_empty_tr19_Pcp159;2024-05-20 14:09:47
weigh_empty_tr29_Pcp196;2024-05-20 14:11:34
weigh_empty_tr25_Pcp226;2024-05-20 14:13:41
weigh_empty_tr38_Pcp343;2024-05-20 14:21:09
weigh_empty_tr7_Pcp12;2024-05-20 14:21:12
weigh_empty_tr40_Pcp187;2024-05-20 14:26:31
weigh_empty_tr4_Pcp490;2024-05-20 14:28:38
weigh_empty_tr35_Pcp193;2024-05-20 14:36:13
weigh_empty_tr18_Pcp214;2024-05-20 14:40:08
weigh_empty_tr31_Pcp22;2024-05-20 14:43:30
weigh_empty_tr42_Pcp48;2024-05-20 14:47:04
weigh_empty_tr49_Pcp429;2024-05-20 14:49:39
weigh_empty_tr46_Pcp96;2024-05-20 14:55:51
weigh_empty_tr37_Pcp464;2024-05-20 15:21:06
weigh_empty_tr11_Pcp465;2024-05-20 15:23:04
weigh_empty_tr1_Pcp161;2024-05-20 15:36:08
weigh_empty_tr44_Pcp126;2024-05-20 16:12:14
weigh_empty_tr14_Pcp291;2024-05-20 16:23:25
weigh_empty_tr6_Pcp466;2024-05-20 16:24:16
weigh_empty_tr45_Pcp126;2024-05-20 16:28:43
weigh_empty_tr27_Pcp162;2024-05-20 16:31:45
weigh_empty_tr9_Pcp291;2024-05-20 16:35:30
weigh_empty_tr17_Pcp343;2024-05-20 16:45:17
weigh_empty_tr43_Pcp428;2024-05-20 16:57:41
weigh_empty_tr23_Pcp198;2024-05-20 16:58:37
weigh_empty_tr28_Pcp467;2024-05-20 17:17:46
weigh_empty_tr24_Pcp187;2024-05-20 17:24:49
weigh_empty_tr8_Pcp138;2024-05-20 17:27:47
weigh_empty_tr26_Pcp414;2024-05-20 18:00:43
weigh_empty_tr39_Pcp374;2024-05-20 18:02:49
weigh_empty_tr5_Pcp453;2024-05-20 18:06:10
weigh_empty_tr16_Pcp279;2024-05-20 18:09:09
weigh_empty_tr41_Pcp102;2024-05-20 20:07:03
weigh_empty_tr48_Pcp433;2024-05-20 20:25:06
weigh_empty_tr34_Pcp93;2024-05-20 20:35:32
weigh_empty_tr47_Pcp224;2024-05-20 21:04:47
weigh_empty_tr13_Pcp166;2024-05-20 22:22:58
weigh_empty_tr2_Pcp93;2024-05-20 22:41:32
weigh_empty_tr50_Pcp66;2024-05-20 23:23:19
weigh_empty_tr36_Pcp230;2024-05-20 23:46:42
weigh_empty_tr22_Pcp220;2024-05-21 01:05:57
weigh_empty_tr12_Pcp383;2024-05-21 01:16:31
weigh_empty_tr3_Pcp394;2024-05-21 02:41:33
weigh_empty_tr30_Pcp345;2024-05-22 13:50:25
weigh_empty_tr21_Pcp382;2024-05-22 14:01:09
weigh_empty_tr32_Pcp158;2024-05-22 14:11:33
weigh_empty_tr10_Pcp346;2024-05-22 14:29:01
weigh_empty_tr29_Pcp50;2024-05-22 14:42:43
weigh_empty_tr20_Pcp138;2024-05-22 14:51:30
weigh_empty_tr33_Pcp290;2024-05-22 14:56:59
weigh_empty_tr7_Pcp414;2024-05-22 15:11:55
weigh_empty_tr38_Pcp334;2024-05-22 15:38:40
weigh_empty_tr42_Pcp145;2024-05-22 15:41:25
weigh_empty_tr31_Pcp478;2024-05-22 15:49:20
weigh_empty_tr46_Pcp498;2024-05-22 15:49:50
weigh_empty_tr4_Pcp230;2024-05-22 15:57:17
weigh_empty_tr35_Pcp344;2024-05-22 16:03:21
weigh_empty_tr18_Pcp134;2024-05-22 16:04:30
weigh_empty_tr49_Pcp252;2024-05-22 16:05:21
weigh_empty_tr15_Pcp280;2024-05-22 16:07:34
weigh_empty_tr37_Pcp331;2024-05-22 16:20:28
weigh_empty_tr19_Pcp479;2024-05-22 16:27:19
weigh_empty_tr11_Pcp419;2024-05-22 16:32:00
weigh_empty_tr1_Pcp12;2024-05-22 16:36:31
weigh_empty_tr40_Pcp345;2024-05-22 16:59:54
weigh_empty_tr27_Pcp370;2024-05-22 17:16:01
weigh_empty_tr25_Pcp20;2024-05-22 17:19:54
weigh_empty_tr17_Pcp4;2024-05-22 17:23:17
weigh_empty_tr6_Pcp185;2024-05-22 17:37:35
weigh_empty_tr45_Pcp263;2024-05-22 17:44:42
weigh_empty_tr14_Pcp95;2024-05-22 18:02:13
weigh_empty_tr8_Pcp435;2024-05-22 18:02:21
weigh_empty_tr24_Pcp174;2024-05-22 18:05:09
weigh_empty_tr44_Pcp9;2024-05-22 18:07:01
weigh_empty_tr43_Pcp170;2024-05-22 18:11:35
weigh_empty_tr23_Pcp174;2024-05-22 18:18:05
weigh_empty_tr28_Pcp380;2024-05-22 18:19:04
weigh_empty_tr9_Pcp478;2024-05-22 18:21:14
weigh_empty_tr26_Pcp403;2024-05-22 18:51:27
weigh_empty_tr5_Pcp285;2024-05-22 19:00:52
weigh_empty_tr39_Pcp271;2024-05-22 19:16:12
weigh_empty_tr16_Pcp436;2024-05-22 20:11:01
weigh_empty_tr48_Pcp380;2024-05-22 21:22:00
weigh_empty_tr41_Pcp348;2024-05-22 21:27:00
weigh_empty_tr47_Pcp341;2024-05-22 21:54:15
weigh_empty_tr34_Pcp77;2024-05-22 22:21:28
weigh_empty_tr2_Pcp186;2024-05-22 23:23:28
weigh_empty_tr13_Pcp303;2024-05-23 00:06:52
weigh_empty_tr50_Pcp391;2024-05-23 00:26:52
weigh_empty_tr36_Pcp320;2024-05-23 01:00:38
weigh_empty_tr12_Pcp297;2024-05-23 02:22:51
weigh_empty_tr22_Pcp374;2024-05-23 02:54:20
weigh_empty_tr3_Pcp142;2024-05-23 03:39:58
weigh_empty_tr30_Pcp22;2024-05-24 14:44:41
weigh_empty_tr21_Pcp224;2024-05-24 14:55:06
weigh_empty_tr29_Pcp391;2024-05-24 15:24:40
weigh_empty_tr10_Pcp193;2024-05-24 15:30:29
weigh_empty_tr20_Pcp36;2024-05-24 15:40:14
weigh_empty_tr7_Pcp179;2024-05-24 15:51:07
weigh_empty_tr33_Pcp103;2024-05-24 15:51:10
weigh_empty_tr42_Pcp36;2024-05-24 16:34:36
weigh_empty_tr49_Pcp7;2024-05-24 16:37:02
weigh_empty_tr32_Pcp295;2024-05-24 16:38:18
weigh_empty_tr38_Pcp250;2024-05-24 17:03:17
weigh_empty_tr4_Pcp361;2024-05-24 17:06:54
weigh_empty_tr31_Pcp4;2024-05-24 17:07:27
weigh_empty_tr11_Pcp456;2024-05-24 17:11:06
weigh_empty_tr18_Pcp182;2024-05-24 17:27:12
weigh_empty_tr1_Pcp185;2024-05-24 17:33:12
weigh_empty_tr44_Pcp329;2024-05-25 04:20:48
weigh_empty_tr40_Pcp195;2024-05-25 06:24:06
weigh_empty_tr47_Pcp319;2024-05-26 00:42:49
weigh_empty_tr2_Pcp349;2024-05-26 08:28:13
weigh_empty_tr35_Pcp139;2024-05-26 08:33:33
weigh_empty_tr27_Pcp424;2024-05-26 08:44:27
weigh_empty_tr36_Pcp488;2024-05-26 11:09:36
weigh_empty_tr19_Pcp442;2024-05-26 11:14:49
weigh_empty_tr8_Pcp59;2024-05-26 11:16:46
weigh_empty_tr37_Pcp439;2024-05-26 11:22:18
weigh_empty_tr41_Pcp218;2024-05-26 19:06:16
weigh_empty_tr5_Pcp10;2024-05-27 08:34:52
weigh_empty_tr9_Pcp267;2024-05-28 02:46:20
weigh_empty_tr8_Pcp417;2024-05-29 00:36:11
weigh_empty_tr8_Pcp235;2024-05-31 08:17:52
