ocel_id;ocel_time
register_arrival_tr38_Pcp35;2024-05-03 00:03:47
register_arrival_tr7_Pcp35;2024-05-03 00:04:49
register_arrival_tr17_Pcp88;2024-05-03 09:57:17
register_arrival_tr6_Pcp88;2024-05-03 10:02:39
register_arrival_tr13_Pcp89;2024-05-04 05:57:21
register_arrival_tr3_Pcp89;2024-05-04 06:00:54
register_arrival_tr34_Pcp338;2024-05-04 06:56:29
register_arrival_tr50_Pcp338;2024-05-04 07:06:42
register_arrival_tr29_Pcp69;2024-05-06 04:46:49
register_arrival_tr21_Pcp228;2024-05-06 04:51:20
register_arrival_tr39_Pcp169;2024-05-06 04:51:21
register_arrival_tr9_Pcp415;2024-05-06 04:51:29
register_arrival_tr38_Pcp69;2024-05-06 04:52:32
register_arrival_tr11_Pcp228;2024-05-06 04:55:08
register_arrival_tr10_Pcp385;2024-05-06 04:55:12
register_arrival_tr44_Pcp169;2024-05-06 04:55:58
register_arrival_tr26_Pcp415;2024-05-06 05:00:07
register_arrival_tr43_Pcp468;2024-05-06 05:01:22
register_arrival_tr35_Pcp385;2024-05-06 05:01:52
register_arrival_tr45_Pcp146;2024-05-06 05:05:01
register_arrival_tr27_Pcp190;2024-05-06 05:07:16
register_arrival_tr23_Pcp468;2024-05-06 05:09:02
register_arrival_tr33_Pcp146;2024-05-06 05:09:09
register_arrival_tr5_Pcp245;2024-05-06 05:09:39
register_arrival_tr46_Pcp190;2024-05-06 05:09:48
register_arrival_tr8_Pcp234;2024-05-06 05:12:36
register_arrival_tr6_Pcp119;2024-05-06 05:12:50
register_arrival_tr19_Pcp119;2024-05-06 05:16:51
register_arrival_tr15_Pcp234;2024-05-06 05:17:19
register_arrival_tr25_Pcp110;2024-05-06 05:19:19
register_arrival_tr40_Pcp245;2024-05-06 05:20:04
register_arrival_tr4_Pcp287;2024-05-06 05:20:21
register_arrival_tr32_Pcp287;2024-05-06 05:22:05
register_arrival_tr30_Pcp128;2024-05-06 05:23:22
register_arrival_tr31_Pcp105;2024-05-06 05:23:51
register_arrival_tr7_Pcp258;2024-05-06 05:24:19
register_arrival_tr18_Pcp110;2024-05-06 05:25:16
register_arrival_tr37_Pcp81;2024-05-06 05:25:20
register_arrival_tr17_Pcp81;2024-05-06 05:25:42
register_arrival_tr49_Pcp258;2024-05-06 05:26:13
register_arrival_tr16_Pcp440;2024-05-06 05:29:21
register_arrival_tr14_Pcp404;2024-05-06 05:33:00
register_arrival_tr1_Pcp404;2024-05-06 05:33:32
register_arrival_tr24_Pcp82;2024-05-06 05:33:55
register_arrival_tr28_Pcp105;2024-05-06 05:36:44
register_arrival_tr42_Pcp440;2024-05-06 05:37:56
register_arrival_tr20_Pcp82;2024-05-06 05:51:09
register_arrival_tr47_Pcp438;2024-05-06 12:05:12
register_arrival_tr34_Pcp121;2024-05-06 12:06:11
register_arrival_tr48_Pcp121;2024-05-06 12:08:41
register_arrival_tr2_Pcp14;2024-05-06 12:16:20
register_arrival_tr13_Pcp438;2024-05-06 12:16:44
register_arrival_tr22_Pcp14;2024-05-06 12:18:26
register_arrival_tr50_Pcp459;2024-05-06 12:18:33
register_arrival_tr41_Pcp459;2024-05-06 12:21:38
register_arrival_tr36_Pcp432;2024-05-06 12:22:02
register_arrival_tr12_Pcp432;2024-05-06 12:24:56
register_arrival_tr3_Pcp219;2024-05-06 12:25:13
register_arrival_tr10_Pcp271;2024-05-08 05:08:56
register_arrival_tr43_Pcp99;2024-05-08 05:19:26
register_arrival_tr35_Pcp434;2024-05-08 05:23:03
register_arrival_tr11_Pcp99;2024-05-08 05:41:16
register_arrival_tr44_Pcp223;2024-05-08 05:41:55
register_arrival_tr21_Pcp421;2024-05-08 05:42:31
register_arrival_tr33_Pcp354;2024-05-08 06:01:15
register_arrival_tr4_Pcp219;2024-05-08 06:02:10
register_arrival_tr5_Pcp194;2024-05-08 06:04:57
register_arrival_tr32_Pcp487;2024-05-08 06:06:10
register_arrival_tr40_Pcp482;2024-05-08 06:12:22
register_arrival_tr30_Pcp497;2024-05-08 06:12:53
register_arrival_tr6_Pcp363;2024-05-08 06:14:09
register_arrival_tr26_Pcp209;2024-05-08 06:16:13
register_arrival_tr23_Pcp434;2024-05-08 06:16:43
register_arrival_tr37_Pcp38;2024-05-08 06:19:21
register_arrival_tr15_Pcp208;2024-05-08 06:19:27
register_arrival_tr19_Pcp354;2024-05-08 06:23:38
register_arrival_tr49_Pcp213;2024-05-08 06:26:40
register_arrival_tr28_Pcp223;2024-05-08 06:30:04
register_arrival_tr38_Pcp421;2024-05-08 06:35:15
register_arrival_tr8_Pcp73;2024-05-08 06:37:48
register_arrival_tr25_Pcp293;2024-05-08 06:43:30
register_arrival_tr29_Pcp240;2024-05-08 06:44:57
register_arrival_tr16_Pcp70;2024-05-08 06:45:31
register_arrival_tr39_Pcp248;2024-05-08 06:47:55
register_arrival_tr9_Pcp451;2024-05-08 06:47:58
register_arrival_tr46_Pcp106;2024-05-08 06:55:16
register_arrival_tr7_Pcp94;2024-05-08 06:55:42
register_arrival_tr20_Pcp498;2024-05-08 06:57:01
register_arrival_tr24_Pcp70;2024-05-08 06:57:16
register_arrival_tr27_Pcp94;2024-05-08 07:04:58
register_arrival_tr45_Pcp294;2024-05-08 07:05:56
register_arrival_tr17_Pcp248;2024-05-08 07:10:51
register_arrival_tr31_Pcp208;2024-05-08 07:13:07
register_arrival_tr18_Pcp452;2024-05-08 07:21:20
register_arrival_tr42_Pcp450;2024-05-08 07:26:49
register_arrival_tr14_Pcp497;2024-05-08 07:36:33
register_arrival_tr1_Pcp451;2024-05-08 07:55:40
register_arrival_tr13_Pcp73;2024-05-08 12:55:51
register_arrival_tr41_Pcp86;2024-05-08 13:12:20
register_arrival_tr12_Pcp162;2024-05-08 13:14:40
register_arrival_tr48_Pcp365;2024-05-08 13:17:44
register_arrival_tr50_Pcp482;2024-05-08 13:20:56
register_arrival_tr34_Pcp205;2024-05-08 13:21:49
register_arrival_tr2_Pcp495;2024-05-08 13:39:20
register_arrival_tr3_Pcp104;2024-05-08 13:50:47
register_arrival_tr36_Pcp367;2024-05-08 14:11:06
register_arrival_tr22_Pcp113;2024-05-08 14:24:47
register_arrival_tr47_Pcp124;2024-05-08 14:59:51
register_arrival_tr10_Pcp407;2024-05-10 05:50:57
register_arrival_tr4_Pcp428;2024-05-10 06:47:44
register_arrival_tr23_Pcp389;2024-05-10 06:59:50
register_arrival_tr44_Pcp427;2024-05-10 07:09:30
register_arrival_tr26_Pcp320;2024-05-10 07:12:21
register_arrival_tr40_Pcp1;2024-05-10 07:12:56
register_arrival_tr35_Pcp324;2024-05-10 07:22:51
register_arrival_tr49_Pcp330;2024-05-10 07:27:19
register_arrival_tr30_Pcp454;2024-05-10 07:28:42
register_arrival_tr29_Pcp113;2024-05-10 07:34:02
register_arrival_tr20_Pcp171;2024-05-10 07:34:10
register_arrival_tr21_Pcp63;2024-05-10 07:41:37
register_arrival_tr46_Pcp309;2024-05-10 07:43:30
register_arrival_tr11_Pcp479;2024-05-10 07:47:37
register_arrival_tr33_Pcp360;2024-05-10 07:48:37
register_arrival_tr43_Pcp472;2024-05-10 07:49:27
register_arrival_tr19_Pcp20;2024-05-10 07:49:48
register_arrival_tr27_Pcp336;2024-05-10 07:50:08
register_arrival_tr18_Pcp207;2024-05-10 07:54:32
register_arrival_tr39_Pcp362;2024-05-10 08:00:51
register_arrival_tr31_Pcp484;2024-05-10 08:05:55
register_arrival_tr24_Pcp249;2024-05-10 08:09:11
register_arrival_tr37_Pcp253;2024-05-10 08:10:43
register_arrival_tr7_Pcp168;2024-05-10 08:11:11
register_arrival_tr42_Pcp23;2024-05-10 08:12:35
register_arrival_tr45_Pcp102;2024-05-10 08:13:08
register_arrival_tr15_Pcp96;2024-05-10 08:16:58
register_arrival_tr38_Pcp86;2024-05-10 08:17:49
register_arrival_tr25_Pcp407;2024-05-10 08:19:59
register_arrival_tr8_Pcp221;2024-05-10 08:29:29
register_arrival_tr6_Pcp336;2024-05-10 08:30:32
register_arrival_tr17_Pcp305;2024-05-10 08:31:47
register_arrival_tr32_Pcp64;2024-05-10 08:32:02
register_arrival_tr1_Pcp207;2024-05-10 08:33:09
register_arrival_tr14_Pcp197;2024-05-10 09:06:05
register_arrival_tr16_Pcp163;2024-05-10 09:08:58
register_arrival_tr5_Pcp334;2024-05-10 09:17:44
register_arrival_tr28_Pcp155;2024-05-10 09:51:13
register_arrival_tr9_Pcp431;2024-05-10 09:55:12
register_arrival_tr48_Pcp95;2024-05-10 13:40:04
register_arrival_tr34_Pcp311;2024-05-10 13:54:22
register_arrival_tr2_Pcp397;2024-05-10 14:15:46
register_arrival_tr12_Pcp104;2024-05-10 14:16:28
register_arrival_tr50_Pcp48;2024-05-10 14:18:23
register_arrival_tr41_Pcp49;2024-05-10 14:32:21
register_arrival_tr13_Pcp490;2024-05-10 15:20:41
register_arrival_tr47_Pcp430;2024-05-10 15:34:28
register_arrival_tr36_Pcp369;2024-05-10 15:54:48
register_arrival_tr22_Pcp330;2024-05-10 15:59:02
register_arrival_tr3_Pcp270;2024-05-10 16:18:42
register_arrival_tr10_Pcp116;2024-05-12 06:42:50
register_arrival_tr35_Pcp342;2024-05-12 08:12:53
register_arrival_tr20_Pcp103;2024-05-12 08:22:34
register_arrival_tr21_Pcp310;2024-05-12 08:34:04
register_arrival_tr11_Pcp397;2024-05-12 08:38:44
register_arrival_tr30_Pcp202;2024-05-12 08:39:04
register_arrival_tr44_Pcp427;2024-05-12 08:44:29
register_arrival_tr49_Pcp469;2024-05-12 08:45:33
register_arrival_tr25_Pcp281;2024-05-12 08:53:45
register_arrival_tr33_Pcp45;2024-05-12 08:59:41
register_arrival_tr26_Pcp175;2024-05-12 09:05:10
register_arrival_tr7_Pcp470;2024-05-12 09:07:47
register_arrival_tr18_Pcp260;2024-05-12 09:11:07
register_arrival_tr38_Pcp296;2024-05-12 09:20:25
register_arrival_tr29_Pcp276;2024-05-12 09:22:54
register_arrival_tr17_Pcp423;2024-05-12 09:28:57
register_arrival_tr40_Pcp275;2024-05-12 09:31:20
register_arrival_tr4_Pcp38;2024-05-12 09:33:27
register_arrival_tr24_Pcp41;2024-05-12 09:36:33
register_arrival_tr1_Pcp485;2024-05-12 09:36:50
register_arrival_tr8_Pcp76;2024-05-12 09:41:41
register_arrival_tr32_Pcp457;2024-05-12 09:50:08
register_arrival_tr23_Pcp56;2024-05-12 09:52:30
register_arrival_tr46_Pcp177;2024-05-12 09:52:47
register_arrival_tr15_Pcp213;2024-05-12 09:53:24
register_arrival_tr6_Pcp106;2024-05-12 09:55:27
register_arrival_tr39_Pcp24;2024-05-12 10:06:09
register_arrival_tr43_Pcp204;2024-05-12 10:08:44
register_arrival_tr19_Pcp151;2024-05-12 10:21:51
register_arrival_tr45_Pcp495;2024-05-12 10:24:23
register_arrival_tr14_Pcp49;2024-05-12 10:34:09
register_arrival_tr42_Pcp205;2024-05-12 10:43:06
register_arrival_tr31_Pcp196;2024-05-12 10:44:10
register_arrival_tr28_Pcp447;2024-05-12 10:50:41
register_arrival_tr37_Pcp447;2024-05-12 11:01:12
register_arrival_tr27_Pcp236;2024-05-12 11:10:42
register_arrival_tr9_Pcp23;2024-05-12 12:01:24
register_arrival_tr16_Pcp117;2024-05-12 12:20:58
register_arrival_tr5_Pcp453;2024-05-12 12:29:43
register_arrival_tr48_Pcp294;2024-05-12 14:51:40
register_arrival_tr34_Pcp211;2024-05-12 15:07:58
register_arrival_tr41_Pcp284;2024-05-12 15:18:29
register_arrival_tr50_Pcp72;2024-05-12 16:27:24
register_arrival_tr2_Pcp179;2024-05-12 16:30:38
register_arrival_tr22_Pcp395;2024-05-12 17:28:33
register_arrival_tr13_Pcp25;2024-05-12 17:29:53
register_arrival_tr47_Pcp367;2024-05-12 17:30:54
register_arrival_tr12_Pcp151;2024-05-12 17:38:01
register_arrival_tr36_Pcp209;2024-05-12 17:48:27
register_arrival_tr3_Pcp342;2024-05-12 19:45:11
register_arrival_tr10_Pcp355;2024-05-14 08:26:38
register_arrival_tr21_Pcp177;2024-05-14 08:58:31
register_arrival_tr30_Pcp182;2024-05-14 09:03:42
register_arrival_tr20_Pcp202;2024-05-14 09:38:36
register_arrival_tr49_Pcp487;2024-05-14 09:45:50
register_arrival_tr7_Pcp77;2024-05-14 10:32:42
register_arrival_tr40_Pcp100;2024-05-14 10:32:58
register_arrival_tr32_Pcp423;2024-05-14 10:37:07
register_arrival_tr4_Pcp252;2024-05-14 10:37:55
register_arrival_tr15_Pcp411;2024-05-14 10:38:22
register_arrival_tr25_Pcp153;2024-05-14 10:39:21
register_arrival_tr8_Pcp419;2024-05-14 10:48:19
register_arrival_tr35_Pcp142;2024-05-14 10:49:29
register_arrival_tr33_Pcp370;2024-05-14 10:52:43
register_arrival_tr18_Pcp396;2024-05-14 10:53:00
register_arrival_tr44_Pcp159;2024-05-14 10:53:54
register_arrival_tr11_Pcp408;2024-05-14 10:56:37
register_arrival_tr45_Pcp296;2024-05-14 10:59:16
register_arrival_tr38_Pcp284;2024-05-14 11:09:57
register_arrival_tr29_Pcp117;2024-05-14 11:12:19
register_arrival_tr19_Pcp131;2024-05-14 11:14:56
register_arrival_tr46_Pcp476;2024-05-14 11:25:08
register_arrival_tr17_Pcp275;2024-05-14 11:31:13
register_arrival_tr31_Pcp211;2024-05-14 11:32:03
register_arrival_tr42_Pcp171;2024-05-14 11:35:56
register_arrival_tr1_Pcp398;2024-05-14 11:37:36
register_arrival_tr26_Pcp467;2024-05-14 11:55:13
register_arrival_tr28_Pcp379;2024-05-14 11:55:21
register_arrival_tr24_Pcp197;2024-05-14 11:56:43
register_arrival_tr37_Pcp72;2024-05-14 11:59:16
register_arrival_tr14_Pcp249;2024-05-14 12:00:14
register_arrival_tr43_Pcp309;2024-05-14 12:02:22
register_arrival_tr23_Pcp270;2024-05-14 12:04:49
register_arrival_tr6_Pcp435;2024-05-14 12:26:48
register_arrival_tr27_Pcp172;2024-05-14 12:29:24
register_arrival_tr39_Pcp473;2024-05-14 12:31:25
register_arrival_tr9_Pcp253;2024-05-14 13:06:59
register_arrival_tr16_Pcp465;2024-05-14 13:20:08
register_arrival_tr5_Pcp454;2024-05-14 13:41:28
register_arrival_tr48_Pcp268;2024-05-14 15:51:46
register_arrival_tr41_Pcp76;2024-05-14 16:06:50
register_arrival_tr34_Pcp383;2024-05-14 16:41:26
register_arrival_tr50_Pcp452;2024-05-14 18:04:23
register_arrival_tr2_Pcp460;2024-05-14 18:12:23
register_arrival_tr13_Pcp369;2024-05-14 18:21:48
register_arrival_tr12_Pcp45;2024-05-14 18:23:06
register_arrival_tr47_Pcp217;2024-05-14 18:31:26
register_arrival_tr36_Pcp327;2024-05-14 18:48:58
register_arrival_tr22_Pcp141;2024-05-14 20:32:49
register_arrival_tr3_Pcp484;2024-05-14 20:45:55
register_arrival_tr21_Pcp408;2024-05-16 09:42:03
register_arrival_tr30_Pcp290;2024-05-16 09:50:59
register_arrival_tr20_Pcp395;2024-05-16 10:32:37
register_arrival_tr10_Pcp221;2024-05-16 10:39:33
register_arrival_tr32_Pcp339;2024-05-16 11:06:59
register_arrival_tr15_Pcp257;2024-05-16 11:19:54
register_arrival_tr25_Pcp365;2024-05-16 11:33:10
register_arrival_tr35_Pcp56;2024-05-16 11:36:23
register_arrival_tr33_Pcp341;2024-05-16 11:44:10
register_arrival_tr7_Pcp46;2024-05-16 11:44:38
register_arrival_tr40_Pcp145;2024-05-16 11:45:22
register_arrival_tr45_Pcp226;2024-05-16 11:52:31
register_arrival_tr18_Pcp456;2024-05-16 11:54:19
register_arrival_tr31_Pcp483;2024-05-16 12:04:00
register_arrival_tr19_Pcp130;2024-05-16 12:12:17
register_arrival_tr38_Pcp344;2024-05-16 12:12:58
register_arrival_tr46_Pcp204;2024-05-16 12:18:13
register_arrival_tr4_Pcp346;2024-05-16 12:22:08
register_arrival_tr44_Pcp411;2024-05-16 12:29:58
register_arrival_tr29_Pcp163;2024-05-16 12:30:54
register_arrival_tr11_Pcp107;2024-05-16 12:44:56
register_arrival_tr42_Pcp403;2024-05-16 12:50:48
register_arrival_tr17_Pcp306;2024-05-16 13:00:30
register_arrival_tr49_Pcp360;2024-05-16 13:02:34
register_arrival_tr23_Pcp281;2024-05-16 13:06:36
register_arrival_tr24_Pcp436;2024-05-16 13:07:37
register_arrival_tr1_Pcp396;2024-05-16 13:17:31
register_arrival_tr37_Pcp134;2024-05-16 13:29:14
register_arrival_tr8_Pcp158;2024-05-16 13:30:00
register_arrival_tr26_Pcp268;2024-05-16 13:33:20
register_arrival_tr43_Pcp214;2024-05-16 13:37:32
register_arrival_tr28_Pcp293;2024-05-16 13:44:32
register_arrival_tr27_Pcp43;2024-05-16 14:10:02
register_arrival_tr39_Pcp327;2024-05-16 14:10:24
register_arrival_tr9_Pcp74;2024-05-16 14:20:40
register_arrival_tr6_Pcp279;2024-05-16 14:21:20
register_arrival_tr14_Pcp485;2024-05-16 14:50:16
register_arrival_tr16_Pcp198;2024-05-16 15:39:34
register_arrival_tr5_Pcp363;2024-05-16 16:34:54
register_arrival_tr48_Pcp131;2024-05-16 17:02:00
register_arrival_tr41_Pcp315;2024-05-16 17:29:33
register_arrival_tr34_Pcp74;2024-05-16 17:42:56
register_arrival_tr47_Pcp476;2024-05-16 19:20:00
register_arrival_tr13_Pcp472;2024-05-16 19:20:23
register_arrival_tr2_Pcp362;2024-05-16 19:39:31
register_arrival_tr36_Pcp85;2024-05-16 20:26:28
register_arrival_tr50_Pcp483;2024-05-16 20:31:30
register_arrival_tr12_Pcp389;2024-05-16 20:58:11
register_arrival_tr22_Pcp466;2024-05-16 21:37:33
register_arrival_tr3_Pcp324;2024-05-16 21:50:09
register_arrival_tr21_Pcp155;2024-05-18 11:23:19
register_arrival_tr30_Pcp1;2024-05-18 11:33:22
register_arrival_tr32_Pcp379;2024-05-18 11:40:17
register_arrival_tr10_Pcp130;2024-05-18 11:56:44
register_arrival_tr33_Pcp410;2024-05-18 12:20:17
register_arrival_tr7_Pcp339;2024-05-18 12:25:34
register_arrival_tr20_Pcp100;2024-05-18 12:26:28
register_arrival_tr35_Pcp34;2024-05-18 12:29:27
register_arrival_tr15_Pcp34;2024-05-18 12:43:54
register_arrival_tr25_Pcp41;2024-05-18 12:48:36
register_arrival_tr38_Pcp161;2024-05-18 13:02:05
register_arrival_tr46_Pcp220;2024-05-18 13:02:25
register_arrival_tr40_Pcp431;2024-05-18 13:05:07
register_arrival_tr29_Pcp263;2024-05-18 13:05:18
register_arrival_tr19_Pcp186;2024-05-18 13:17:32
register_arrival_tr44_Pcp124;2024-05-18 13:25:28
register_arrival_tr4_Pcp240;2024-05-18 13:34:43
register_arrival_tr18_Pcp285;2024-05-18 13:37:32
register_arrival_tr31_Pcp469;2024-05-18 13:38:00
register_arrival_tr17_Pcp433;2024-05-18 13:38:48
register_arrival_tr42_Pcp315;2024-05-18 13:48:03
register_arrival_tr45_Pcp170;2024-05-18 13:56:34
register_arrival_tr49_Pcp152;2024-05-18 13:57:58
register_arrival_tr11_Pcp398;2024-05-18 14:00:58
register_arrival_tr37_Pcp85;2024-05-18 14:28:34
register_arrival_tr23_Pcp64;2024-05-18 14:41:53
register_arrival_tr1_Pcp314;2024-05-18 14:44:17
register_arrival_tr43_Pcp306;2024-05-18 15:09:35
register_arrival_tr8_Pcp430;2024-05-18 15:11:45
register_arrival_tr27_Pcp107;2024-05-18 15:11:59
register_arrival_tr6_Pcp166;2024-05-18 15:19:41
register_arrival_tr9_Pcp464;2024-05-18 15:35:13
register_arrival_tr28_Pcp460;2024-05-18 15:47:56
register_arrival_tr14_Pcp311;2024-05-18 15:53:26
register_arrival_tr39_Pcp450;2024-05-18 16:02:28
register_arrival_tr24_Pcp46;2024-05-18 16:18:42
register_arrival_tr26_Pcp388;2024-05-18 16:32:01
register_arrival_tr16_Pcp172;2024-05-18 16:38:05
register_arrival_tr5_Pcp303;2024-05-18 17:11:28
register_arrival_tr41_Pcp217;2024-05-18 18:06:44
register_arrival_tr48_Pcp192;2024-05-18 18:37:29
register_arrival_tr34_Pcp425;2024-05-18 18:57:52
register_arrival_tr47_Pcp156;2024-05-18 20:01:45
register_arrival_tr13_Pcp7;2024-05-18 20:27:36
register_arrival_tr2_Pcp314;2024-05-18 21:09:55
register_arrival_tr50_Pcp443;2024-05-18 21:35:34
register_arrival_tr36_Pcp443;2024-05-18 22:18:13
register_arrival_tr22_Pcp470;2024-05-18 22:28:30
register_arrival_tr12_Pcp168;2024-05-19 00:08:22
register_arrival_tr3_Pcp156;2024-05-19 01:00:30
register_arrival_tr30_Pcp237;2024-05-20 12:12:52
register_arrival_tr32_Pcp9;2024-05-20 12:40:39
register_arrival_tr21_Pcp388;2024-05-20 12:41:03
register_arrival_tr10_Pcp413;2024-05-20 13:02:06
register_arrival_tr15_Pcp116;2024-05-20 13:20:36
register_arrival_tr33_Pcp410;2024-05-20 13:33:10
register_arrival_tr20_Pcp141;2024-05-20 13:41:04
register_arrival_tr29_Pcp196;2024-05-20 14:01:45
register_arrival_tr38_Pcp343;2024-05-20 14:02:28
register_arrival_tr19_Pcp159;2024-05-20 14:06:37
register_arrival_tr25_Pcp226;2024-05-20 14:06:57
register_arrival_tr4_Pcp490;2024-05-20 14:13:31
register_arrival_tr40_Pcp187;2024-05-20 14:16:57
register_arrival_tr7_Pcp12;2024-05-20 14:18:11
register_arrival_tr35_Pcp193;2024-05-20 14:28:59
register_arrival_tr18_Pcp214;2024-05-20 14:32:11
register_arrival_tr31_Pcp22;2024-05-20 14:39:59
register_arrival_tr46_Pcp96;2024-05-20 14:40:21
register_arrival_tr42_Pcp48;2024-05-20 14:41:34
register_arrival_tr49_Pcp429;2024-05-20 14:44:11
register_arrival_tr37_Pcp464;2024-05-20 15:17:49
register_arrival_tr11_Pcp465;2024-05-20 15:20:30
register_arrival_tr1_Pcp161;2024-05-20 15:30:21
register_arrival_tr44_Pcp126;2024-05-20 16:07:04
register_arrival_tr6_Pcp466;2024-05-20 16:15:21
register_arrival_tr45_Pcp126;2024-05-20 16:18:45
register_arrival_tr14_Pcp291;2024-05-20 16:20:16
register_arrival_tr27_Pcp162;2024-05-20 16:28:52
register_arrival_tr9_Pcp291;2024-05-20 16:29:24
register_arrival_tr17_Pcp343;2024-05-20 16:31:28
register_arrival_tr43_Pcp428;2024-05-20 16:54:54
register_arrival_tr23_Pcp198;2024-05-20 16:56:38
register_arrival_tr28_Pcp467;2024-05-20 16:57:33
register_arrival_tr8_Pcp138;2024-05-20 17:21:19
register_arrival_tr24_Pcp187;2024-05-20 17:22:28
register_arrival_tr39_Pcp374;2024-05-20 17:52:49
register_arrival_tr5_Pcp453;2024-05-20 17:53:43
register_arrival_tr26_Pcp414;2024-05-20 17:55:59
register_arrival_tr16_Pcp279;2024-05-20 18:06:49
register_arrival_tr41_Pcp102;2024-05-20 19:54:47
register_arrival_tr48_Pcp433;2024-05-20 20:10:55
register_arrival_tr34_Pcp93;2024-05-20 20:31:42
register_arrival_tr47_Pcp224;2024-05-20 20:57:51
register_arrival_tr13_Pcp166;2024-05-20 22:19:46
register_arrival_tr2_Pcp93;2024-05-20 22:38:05
register_arrival_tr50_Pcp66;2024-05-20 23:15:50
register_arrival_tr36_Pcp230;2024-05-20 23:34:26
register_arrival_tr22_Pcp220;2024-05-21 00:58:23
register_arrival_tr12_Pcp383;2024-05-21 01:04:53
register_arrival_tr3_Pcp394;2024-05-21 02:38:55
register_arrival_tr30_Pcp345;2024-05-22 13:47:11
register_arrival_tr21_Pcp382;2024-05-22 13:55:41
register_arrival_tr10_Pcp346;2024-05-22 14:02:45
register_arrival_tr32_Pcp158;2024-05-22 14:05:45
register_arrival_tr29_Pcp50;2024-05-22 14:39:25
register_arrival_tr20_Pcp138;2024-05-22 14:44:47
register_arrival_tr33_Pcp290;2024-05-22 14:53:37
register_arrival_tr7_Pcp414;2024-05-22 15:06:06
register_arrival_tr38_Pcp334;2024-05-22 15:31:39
register_arrival_tr42_Pcp145;2024-05-22 15:33:39
register_arrival_tr31_Pcp478;2024-05-22 15:41:07
register_arrival_tr46_Pcp498;2024-05-22 15:44:32
register_arrival_tr35_Pcp344;2024-05-22 15:44:51
register_arrival_tr18_Pcp134;2024-05-22 15:49:31
register_arrival_tr4_Pcp230;2024-05-22 15:51:23
register_arrival_tr49_Pcp252;2024-05-22 15:57:53
register_arrival_tr15_Pcp280;2024-05-22 15:59:38
register_arrival_tr19_Pcp479;2024-05-22 16:06:08
register_arrival_tr11_Pcp419;2024-05-22 16:07:05
register_arrival_tr37_Pcp331;2024-05-22 16:16:28
register_arrival_tr1_Pcp12;2024-05-22 16:30:11
register_arrival_tr40_Pcp345;2024-05-22 16:56:46
register_arrival_tr25_Pcp20;2024-05-22 17:05:30
register_arrival_tr27_Pcp370;2024-05-22 17:05:58
register_arrival_tr17_Pcp4;2024-05-22 17:18:34
register_arrival_tr6_Pcp185;2024-05-22 17:20:15
register_arrival_tr45_Pcp263;2024-05-22 17:41:51
register_arrival_tr8_Pcp435;2024-05-22 17:50:25
register_arrival_tr14_Pcp95;2024-05-22 17:57:36
register_arrival_tr24_Pcp174;2024-05-22 17:58:06
register_arrival_tr44_Pcp9;2024-05-22 18:01:59
register_arrival_tr43_Pcp170;2024-05-22 18:02:14
register_arrival_tr23_Pcp174;2024-05-22 18:03:04
register_arrival_tr28_Pcp380;2024-05-22 18:09:12
register_arrival_tr9_Pcp478;2024-05-22 18:16:33
register_arrival_tr26_Pcp403;2024-05-22 18:45:01
register_arrival_tr5_Pcp285;2024-05-22 18:53:06
register_arrival_tr39_Pcp271;2024-05-22 19:12:24
register_arrival_tr16_Pcp436;2024-05-22 20:06:51
register_arrival_tr48_Pcp380;2024-05-22 21:12:24
register_arrival_tr41_Pcp348;2024-05-22 21:18:29
register_arrival_tr47_Pcp341;2024-05-22 21:51:06
register_arrival_tr34_Pcp77;2024-05-22 22:15:30
register_arrival_tr2_Pcp186;2024-05-22 23:15:07
register_arrival_tr13_Pcp303;2024-05-22 23:55:52
register_arrival_tr50_Pcp391;2024-05-23 00:16:56
register_arrival_tr36_Pcp320;2024-05-23 00:51:32
register_arrival_tr12_Pcp297;2024-05-23 02:20:16
register_arrival_tr22_Pcp374;2024-05-23 02:44:38
register_arrival_tr3_Pcp142;2024-05-23 03:38:07
register_arrival_tr30_Pcp22;2024-05-24 14:37:02
register_arrival_tr21_Pcp224;2024-05-24 14:51:23
register_arrival_tr10_Pcp193;2024-05-24 15:13:37
register_arrival_tr29_Pcp391;2024-05-24 15:21:08
register_arrival_tr20_Pcp36;2024-05-24 15:35:30
register_arrival_tr7_Pcp179;2024-05-24 15:38:21
register_arrival_tr33_Pcp103;2024-05-24 15:47:05
register_arrival_tr32_Pcp295;2024-05-24 16:28:18
register_arrival_tr42_Pcp36;2024-05-24 16:31:07
register_arrival_tr49_Pcp7;2024-05-24 16:34:47
register_arrival_tr38_Pcp250;2024-05-24 16:41:24
register_arrival_tr11_Pcp456;2024-05-24 16:53:19
register_arrival_tr31_Pcp4;2024-05-24 17:01:04
register_arrival_tr4_Pcp361;2024-05-24 17:02:33
register_arrival_tr18_Pcp182;2024-05-24 17:24:30
register_arrival_tr1_Pcp185;2024-05-24 17:27:10
register_arrival_tr44_Pcp329;2024-05-25 04:17:52
register_arrival_tr40_Pcp195;2024-05-25 06:19:05
register_arrival_tr47_Pcp319;2024-05-26 00:39:26
register_arrival_tr2_Pcp349;2024-05-26 08:16:06
register_arrival_tr35_Pcp139;2024-05-26 08:25:34
register_arrival_tr27_Pcp424;2024-05-26 08:36:32
register_arrival_tr19_Pcp442;2024-05-26 10:53:16
register_arrival_tr36_Pcp488;2024-05-26 11:05:22
register_arrival_tr8_Pcp59;2024-05-26 11:10:25
register_arrival_tr37_Pcp439;2024-05-26 11:15:42
register_arrival_tr41_Pcp218;2024-05-26 18:57:16
register_arrival_tr5_Pcp10;2024-05-27 08:30:25
register_arrival_tr9_Pcp267;2024-05-28 02:40:38
register_arrival_tr8_Pcp417;2024-05-29 00:26:40
register_arrival_tr8_Pcp235;2024-05-31 08:14:32
