ocel_id;ocel_time
check_abnorm_tr38_Pcp35;2024-05-03 00:09:43
check_abnorm_tr7_Pcp35;2024-05-03 00:10:59
check_abnorm_tr17_Pcp88;2024-05-03 10:02:15
check_abnorm_tr6_Pcp88;2024-05-03 10:09:38
check_abnorm_tr13_Pcp89;2024-05-04 06:03:40
check_abnorm_tr3_Pcp89;2024-05-04 06:07:46
check_abnorm_tr34_Pcp338;2024-05-04 07:02:26
check_abnorm_tr50_Pcp338;2024-05-04 07:24:46
check_abnorm_tr9_Pcp415;2024-05-06 04:57:47
check_abnorm_tr39_Pcp169;2024-05-06 04:58:54
check_abnorm_tr21_Pcp228;2024-05-06 05:00:22
check_abnorm_tr11_Pcp228;2024-05-06 05:00:33
check_abnorm_tr44_Pcp169;2024-05-06 05:04:23
check_abnorm_tr10_Pcp385;2024-05-06 05:04:39
check_abnorm_tr43_Pcp468;2024-05-06 05:05:16
check_abnorm_tr35_Pcp385;2024-05-06 05:07:57
check_abnorm_tr26_Pcp415;2024-05-06 05:08:58
check_abnorm_tr33_Pcp146;2024-05-06 05:14:24
check_abnorm_tr45_Pcp146;2024-05-06 05:14:53
check_abnorm_tr38_Pcp69;2024-05-06 05:16:31
check_abnorm_tr8_Pcp234;2024-05-06 05:17:45
check_abnorm_tr6_Pcp119;2024-05-06 05:19:49
check_abnorm_tr5_Pcp245;2024-05-06 05:20:00
check_abnorm_tr29_Pcp69;2024-05-06 05:20:40
check_abnorm_tr27_Pcp190;2024-05-06 05:21:36
check_abnorm_tr23_Pcp468;2024-05-06 05:22:56
check_abnorm_tr46_Pcp190;2024-05-06 05:23:07
check_abnorm_tr40_Pcp245;2024-05-06 05:24:26
check_abnorm_tr4_Pcp287;2024-05-06 05:25:42
check_abnorm_tr31_Pcp105;2024-05-06 05:27:11
check_abnorm_tr30_Pcp128;2024-05-06 05:28:17
check_abnorm_tr15_Pcp234;2024-05-06 05:28:27
check_abnorm_tr25_Pcp110;2024-05-06 05:28:59
check_abnorm_tr18_Pcp110;2024-05-06 05:30:43
check_abnorm_tr37_Pcp81;2024-05-06 05:30:48
check_abnorm_tr32_Pcp287;2024-05-06 05:32:34
check_abnorm_tr16_Pcp440;2024-05-06 05:32:36
check_abnorm_tr7_Pcp258;2024-05-06 05:34:26
check_abnorm_tr49_Pcp258;2024-05-06 05:35:54
check_abnorm_tr19_Pcp119;2024-05-06 05:36:46
check_abnorm_tr1_Pcp404;2024-05-06 05:37:39
check_abnorm_tr42_Pcp440;2024-05-06 05:41:51
check_abnorm_tr14_Pcp404;2024-05-06 05:42:17
check_abnorm_tr24_Pcp82;2024-05-06 05:42:44
check_abnorm_tr17_Pcp81;2024-05-06 05:44:53
check_abnorm_tr28_Pcp105;2024-05-06 05:54:19
check_abnorm_tr20_Pcp82;2024-05-06 05:55:30
check_abnorm_tr47_Pcp438;2024-05-06 12:10:25
check_abnorm_tr48_Pcp121;2024-05-06 12:11:58
check_abnorm_tr34_Pcp121;2024-05-06 12:16:24
check_abnorm_tr13_Pcp438;2024-05-06 12:20:17
check_abnorm_tr50_Pcp459;2024-05-06 12:23:19
check_abnorm_tr2_Pcp14;2024-05-06 12:26:32
check_abnorm_tr41_Pcp459;2024-05-06 12:28:50
check_abnorm_tr12_Pcp432;2024-05-06 12:29:50
check_abnorm_tr22_Pcp14;2024-05-06 12:32:00
check_abnorm_tr36_Pcp432;2024-05-06 12:32:12
check_abnorm_tr3_Pcp219;2024-05-06 12:33:50
check_abnorm_tr10_Pcp271;2024-05-08 05:13:21
check_abnorm_tr43_Pcp99;2024-05-08 05:24:56
check_abnorm_tr35_Pcp434;2024-05-08 05:37:33
check_abnorm_tr21_Pcp421;2024-05-08 05:45:13
check_abnorm_tr44_Pcp223;2024-05-08 05:46:30
check_abnorm_tr11_Pcp99;2024-05-08 05:56:53
check_abnorm_tr4_Pcp219;2024-05-08 06:08:11
check_abnorm_tr5_Pcp194;2024-05-08 06:10:35
check_abnorm_tr30_Pcp497;2024-05-08 06:16:07
check_abnorm_tr33_Pcp354;2024-05-08 06:18:27
check_abnorm_tr32_Pcp487;2024-05-08 06:18:36
check_abnorm_tr6_Pcp363;2024-05-08 06:22:07
check_abnorm_tr23_Pcp434;2024-05-08 06:22:35
check_abnorm_tr26_Pcp209;2024-05-08 06:25:34
check_abnorm_tr40_Pcp482;2024-05-08 06:26:24
check_abnorm_tr15_Pcp208;2024-05-08 06:27:02
check_abnorm_tr19_Pcp354;2024-05-08 06:30:06
check_abnorm_tr49_Pcp213;2024-05-08 06:32:11
check_abnorm_tr28_Pcp223;2024-05-08 06:34:04
check_abnorm_tr37_Pcp38;2024-05-08 06:34:10
check_abnorm_tr8_Pcp73;2024-05-08 06:45:03
check_abnorm_tr16_Pcp70;2024-05-08 06:51:40
check_abnorm_tr25_Pcp293;2024-05-08 06:52:42
check_abnorm_tr29_Pcp240;2024-05-08 06:54:20
check_abnorm_tr9_Pcp451;2024-05-08 06:55:03
check_abnorm_tr39_Pcp248;2024-05-08 07:00:38
check_abnorm_tr24_Pcp70;2024-05-08 07:01:02
check_abnorm_tr7_Pcp94;2024-05-08 07:01:13
check_abnorm_tr20_Pcp498;2024-05-08 07:01:16
check_abnorm_tr46_Pcp106;2024-05-08 07:06:37
check_abnorm_tr45_Pcp294;2024-05-08 07:08:52
check_abnorm_tr38_Pcp421;2024-05-08 07:09:30
check_abnorm_tr27_Pcp94;2024-05-08 07:12:13
check_abnorm_tr17_Pcp248;2024-05-08 07:15:32
check_abnorm_tr31_Pcp208;2024-05-08 07:20:24
check_abnorm_tr18_Pcp452;2024-05-08 07:24:57
check_abnorm_tr42_Pcp450;2024-05-08 07:36:12
check_abnorm_tr14_Pcp497;2024-05-08 07:48:34
check_abnorm_tr1_Pcp451;2024-05-08 08:06:10
check_abnorm_tr13_Pcp73;2024-05-08 12:59:27
check_abnorm_tr41_Pcp86;2024-05-08 13:23:55
check_abnorm_tr12_Pcp162;2024-05-08 13:25:24
check_abnorm_tr48_Pcp365;2024-05-08 13:29:41
check_abnorm_tr34_Pcp205;2024-05-08 13:32:04
check_abnorm_tr50_Pcp482;2024-05-08 13:33:01
check_abnorm_tr2_Pcp495;2024-05-08 13:43:34
check_abnorm_tr3_Pcp104;2024-05-08 13:55:37
check_abnorm_tr36_Pcp367;2024-05-08 14:20:55
check_abnorm_tr22_Pcp113;2024-05-08 14:35:21
check_abnorm_tr47_Pcp124;2024-05-08 15:05:16
check_abnorm_tr10_Pcp407;2024-05-10 05:54:43
check_abnorm_tr4_Pcp428;2024-05-10 06:57:40
check_abnorm_tr23_Pcp389;2024-05-10 07:04:30
check_abnorm_tr44_Pcp427;2024-05-10 07:13:46
check_abnorm_tr26_Pcp320;2024-05-10 07:15:33
check_abnorm_tr40_Pcp1;2024-05-10 07:20:59
check_abnorm_tr35_Pcp324;2024-05-10 07:31:40
check_abnorm_tr49_Pcp330;2024-05-10 07:38:46
check_abnorm_tr30_Pcp454;2024-05-10 07:38:48
check_abnorm_tr21_Pcp63;2024-05-10 07:46:35
check_abnorm_tr46_Pcp309;2024-05-10 07:47:07
check_abnorm_tr20_Pcp171;2024-05-10 07:51:34
check_abnorm_tr29_Pcp113;2024-05-10 07:52:25
check_abnorm_tr11_Pcp479;2024-05-10 07:52:39
check_abnorm_tr33_Pcp360;2024-05-10 07:53:20
check_abnorm_tr19_Pcp20;2024-05-10 07:55:14
check_abnorm_tr27_Pcp336;2024-05-10 07:55:35
check_abnorm_tr43_Pcp472;2024-05-10 08:04:48
check_abnorm_tr18_Pcp207;2024-05-10 08:06:21
check_abnorm_tr31_Pcp484;2024-05-10 08:11:42
check_abnorm_tr39_Pcp362;2024-05-10 08:13:40
check_abnorm_tr45_Pcp102;2024-05-10 08:16:43
check_abnorm_tr37_Pcp253;2024-05-10 08:19:21
check_abnorm_tr24_Pcp249;2024-05-10 08:20:22
check_abnorm_tr7_Pcp168;2024-05-10 08:20:38
check_abnorm_tr38_Pcp86;2024-05-10 08:21:41
check_abnorm_tr15_Pcp96;2024-05-10 08:24:25
check_abnorm_tr25_Pcp407;2024-05-10 08:26:49
check_abnorm_tr6_Pcp336;2024-05-10 08:34:57
check_abnorm_tr8_Pcp221;2024-05-10 08:36:51
check_abnorm_tr42_Pcp23;2024-05-10 08:38:15
check_abnorm_tr17_Pcp305;2024-05-10 08:40:29
check_abnorm_tr32_Pcp64;2024-05-10 08:42:04
check_abnorm_tr1_Pcp207;2024-05-10 08:46:58
check_abnorm_tr16_Pcp163;2024-05-10 09:12:42
check_abnorm_tr14_Pcp197;2024-05-10 09:15:04
check_abnorm_tr5_Pcp334;2024-05-10 09:36:13
check_abnorm_tr28_Pcp155;2024-05-10 09:59:40
check_abnorm_tr9_Pcp431;2024-05-10 10:02:06
check_abnorm_tr48_Pcp95;2024-05-10 13:43:49
check_abnorm_tr34_Pcp311;2024-05-10 13:58:22
check_abnorm_tr2_Pcp397;2024-05-10 14:21:59
check_abnorm_tr12_Pcp104;2024-05-10 14:22:58
check_abnorm_tr50_Pcp48;2024-05-10 14:29:22
check_abnorm_tr41_Pcp49;2024-05-10 14:37:37
check_abnorm_tr13_Pcp490;2024-05-10 15:26:02
check_abnorm_tr47_Pcp430;2024-05-10 15:37:34
check_abnorm_tr36_Pcp369;2024-05-10 16:01:15
check_abnorm_tr22_Pcp330;2024-05-10 16:07:30
check_abnorm_tr3_Pcp270;2024-05-10 16:23:20
check_abnorm_tr10_Pcp116;2024-05-12 06:50:55
check_abnorm_tr35_Pcp342;2024-05-12 08:25:04
check_abnorm_tr20_Pcp103;2024-05-12 08:26:07
check_abnorm_tr21_Pcp310;2024-05-12 08:38:12
check_abnorm_tr11_Pcp397;2024-05-12 08:43:56
check_abnorm_tr30_Pcp202;2024-05-12 08:47:22
check_abnorm_tr44_Pcp427;2024-05-12 08:47:46
check_abnorm_tr49_Pcp469;2024-05-12 08:55:13
check_abnorm_tr25_Pcp281;2024-05-12 08:58:41
check_abnorm_tr33_Pcp45;2024-05-12 09:07:57
check_abnorm_tr26_Pcp175;2024-05-12 09:14:19
check_abnorm_tr18_Pcp260;2024-05-12 09:15:28
check_abnorm_tr7_Pcp470;2024-05-12 09:18:19
check_abnorm_tr38_Pcp296;2024-05-12 09:28:59
check_abnorm_tr40_Pcp275;2024-05-12 09:39:56
check_abnorm_tr29_Pcp276;2024-05-12 09:40:18
check_abnorm_tr1_Pcp485;2024-05-12 09:42:53
check_abnorm_tr4_Pcp38;2024-05-12 09:43:56
check_abnorm_tr24_Pcp41;2024-05-12 09:45:08
check_abnorm_tr8_Pcp76;2024-05-12 09:51:35
check_abnorm_tr17_Pcp423;2024-05-12 10:00:23
check_abnorm_tr6_Pcp106;2024-05-12 10:00:31
check_abnorm_tr15_Pcp213;2024-05-12 10:01:07
check_abnorm_tr32_Pcp457;2024-05-12 10:01:55
check_abnorm_tr46_Pcp177;2024-05-12 10:04:23
check_abnorm_tr23_Pcp56;2024-05-12 10:08:10
check_abnorm_tr39_Pcp24;2024-05-12 10:19:18
check_abnorm_tr43_Pcp204;2024-05-12 10:19:37
check_abnorm_tr19_Pcp151;2024-05-12 10:30:52
check_abnorm_tr45_Pcp495;2024-05-12 10:32:20
check_abnorm_tr14_Pcp49;2024-05-12 10:40:03
check_abnorm_tr42_Pcp205;2024-05-12 10:48:40
check_abnorm_tr31_Pcp196;2024-05-12 10:51:22
check_abnorm_tr28_Pcp447;2024-05-12 10:54:39
check_abnorm_tr37_Pcp447;2024-05-12 11:06:14
check_abnorm_tr27_Pcp236;2024-05-12 11:20:35
check_abnorm_tr9_Pcp23;2024-05-12 12:07:45
check_abnorm_tr16_Pcp117;2024-05-12 12:31:43
check_abnorm_tr5_Pcp453;2024-05-12 12:48:58
check_abnorm_tr48_Pcp294;2024-05-12 14:57:43
check_abnorm_tr34_Pcp211;2024-05-12 15:15:25
check_abnorm_tr41_Pcp284;2024-05-12 15:23:28
check_abnorm_tr2_Pcp179;2024-05-12 16:35:37
check_abnorm_tr50_Pcp72;2024-05-12 16:37:48
check_abnorm_tr47_Pcp367;2024-05-12 17:35:49
check_abnorm_tr22_Pcp395;2024-05-12 17:37:20
check_abnorm_tr13_Pcp25;2024-05-12 17:40:20
check_abnorm_tr12_Pcp151;2024-05-12 17:44:39
check_abnorm_tr36_Pcp209;2024-05-12 17:56:17
check_abnorm_tr3_Pcp342;2024-05-12 19:52:33
check_abnorm_tr10_Pcp355;2024-05-14 08:34:16
check_abnorm_tr21_Pcp177;2024-05-14 09:07:44
check_abnorm_tr30_Pcp182;2024-05-14 09:09:23
check_abnorm_tr20_Pcp202;2024-05-14 09:51:10
check_abnorm_tr49_Pcp487;2024-05-14 10:07:16
check_abnorm_tr4_Pcp252;2024-05-14 10:41:26
check_abnorm_tr15_Pcp411;2024-05-14 10:42:24
check_abnorm_tr7_Pcp77;2024-05-14 10:42:59
check_abnorm_tr40_Pcp100;2024-05-14 10:43:04
check_abnorm_tr32_Pcp423;2024-05-14 10:43:55
check_abnorm_tr25_Pcp153;2024-05-14 10:49:28
check_abnorm_tr8_Pcp419;2024-05-14 10:51:43
check_abnorm_tr35_Pcp142;2024-05-14 10:54:18
check_abnorm_tr33_Pcp370;2024-05-14 10:57:43
check_abnorm_tr44_Pcp159;2024-05-14 10:58:11
check_abnorm_tr18_Pcp396;2024-05-14 11:01:06
check_abnorm_tr11_Pcp408;2024-05-14 11:03:36
check_abnorm_tr45_Pcp296;2024-05-14 11:05:01
check_abnorm_tr38_Pcp284;2024-05-14 11:17:01
check_abnorm_tr29_Pcp117;2024-05-14 11:17:12
check_abnorm_tr19_Pcp131;2024-05-14 11:22:16
check_abnorm_tr46_Pcp476;2024-05-14 11:31:03
check_abnorm_tr17_Pcp275;2024-05-14 11:36:10
check_abnorm_tr31_Pcp211;2024-05-14 11:38:10
check_abnorm_tr42_Pcp171;2024-05-14 11:40:55
check_abnorm_tr1_Pcp398;2024-05-14 11:42:27
check_abnorm_tr26_Pcp467;2024-05-14 12:00:48
check_abnorm_tr28_Pcp379;2024-05-14 12:01:53
check_abnorm_tr37_Pcp72;2024-05-14 12:04:54
check_abnorm_tr14_Pcp249;2024-05-14 12:06:28
check_abnorm_tr24_Pcp197;2024-05-14 12:06:59
check_abnorm_tr23_Pcp270;2024-05-14 12:10:38
check_abnorm_tr43_Pcp309;2024-05-14 12:12:36
check_abnorm_tr6_Pcp435;2024-05-14 12:32:22
check_abnorm_tr27_Pcp172;2024-05-14 12:36:48
check_abnorm_tr39_Pcp473;2024-05-14 12:40:39
check_abnorm_tr9_Pcp253;2024-05-14 13:16:17
check_abnorm_tr16_Pcp465;2024-05-14 13:24:56
check_abnorm_tr5_Pcp454;2024-05-14 13:53:15
check_abnorm_tr48_Pcp268;2024-05-14 15:57:15
check_abnorm_tr41_Pcp76;2024-05-14 16:19:21
check_abnorm_tr34_Pcp383;2024-05-14 16:54:29
check_abnorm_tr50_Pcp452;2024-05-14 18:09:00
check_abnorm_tr2_Pcp460;2024-05-14 18:17:38
check_abnorm_tr13_Pcp369;2024-05-14 18:31:04
check_abnorm_tr12_Pcp45;2024-05-14 18:32:06
check_abnorm_tr47_Pcp217;2024-05-14 18:36:02
check_abnorm_tr36_Pcp327;2024-05-14 18:54:03
check_abnorm_tr22_Pcp141;2024-05-14 20:45:04
check_abnorm_tr3_Pcp484;2024-05-14 20:58:18
check_abnorm_tr21_Pcp408;2024-05-16 09:47:42
check_abnorm_tr30_Pcp290;2024-05-16 10:05:28
check_abnorm_tr20_Pcp395;2024-05-16 10:37:13
check_abnorm_tr10_Pcp221;2024-05-16 10:49:06
check_abnorm_tr32_Pcp339;2024-05-16 11:15:54
check_abnorm_tr15_Pcp257;2024-05-16 11:29:01
check_abnorm_tr25_Pcp365;2024-05-16 11:36:42
check_abnorm_tr35_Pcp56;2024-05-16 11:39:45
check_abnorm_tr7_Pcp46;2024-05-16 11:49:41
check_abnorm_tr33_Pcp341;2024-05-16 11:54:45
check_abnorm_tr40_Pcp145;2024-05-16 11:56:29
check_abnorm_tr45_Pcp226;2024-05-16 12:05:44
check_abnorm_tr31_Pcp483;2024-05-16 12:13:17
check_abnorm_tr18_Pcp456;2024-05-16 12:14:21
check_abnorm_tr19_Pcp130;2024-05-16 12:18:26
check_abnorm_tr38_Pcp344;2024-05-16 12:21:17
check_abnorm_tr46_Pcp204;2024-05-16 12:22:58
check_abnorm_tr4_Pcp346;2024-05-16 12:29:19
check_abnorm_tr44_Pcp411;2024-05-16 12:35:31
check_abnorm_tr29_Pcp163;2024-05-16 12:38:09
check_abnorm_tr11_Pcp107;2024-05-16 12:56:04
check_abnorm_tr42_Pcp403;2024-05-16 12:59:42
check_abnorm_tr49_Pcp360;2024-05-16 13:09:20
check_abnorm_tr17_Pcp306;2024-05-16 13:17:24
check_abnorm_tr23_Pcp281;2024-05-16 13:18:43
check_abnorm_tr1_Pcp396;2024-05-16 13:32:02
check_abnorm_tr24_Pcp436;2024-05-16 13:35:00
check_abnorm_tr37_Pcp134;2024-05-16 13:37:49
check_abnorm_tr26_Pcp268;2024-05-16 13:37:55
check_abnorm_tr8_Pcp158;2024-05-16 13:38:55
check_abnorm_tr43_Pcp214;2024-05-16 13:40:22
check_abnorm_tr28_Pcp293;2024-05-16 13:55:00
check_abnorm_tr27_Pcp43;2024-05-16 14:16:12
check_abnorm_tr39_Pcp327;2024-05-16 14:16:26
check_abnorm_tr9_Pcp74;2024-05-16 14:40:08
check_abnorm_tr6_Pcp279;2024-05-16 14:41:03
check_abnorm_tr14_Pcp485;2024-05-16 14:55:51
check_abnorm_tr16_Pcp198;2024-05-16 15:52:58
check_abnorm_tr5_Pcp363;2024-05-16 16:43:05
check_abnorm_tr48_Pcp131;2024-05-16 17:10:58
check_abnorm_tr41_Pcp315;2024-05-16 17:35:24
check_abnorm_tr34_Pcp74;2024-05-16 17:55:36
check_abnorm_tr47_Pcp476;2024-05-16 19:25:53
check_abnorm_tr13_Pcp472;2024-05-16 19:39:21
check_abnorm_tr2_Pcp362;2024-05-16 19:45:06
check_abnorm_tr50_Pcp483;2024-05-16 20:36:46
check_abnorm_tr36_Pcp85;2024-05-16 20:38:50
check_abnorm_tr12_Pcp389;2024-05-16 21:01:21
check_abnorm_tr22_Pcp466;2024-05-16 21:41:49
check_abnorm_tr3_Pcp324;2024-05-16 21:57:20
check_abnorm_tr21_Pcp155;2024-05-18 11:29:05
check_abnorm_tr30_Pcp1;2024-05-18 11:38:41
check_abnorm_tr32_Pcp379;2024-05-18 11:49:47
check_abnorm_tr10_Pcp130;2024-05-18 12:05:08
check_abnorm_tr33_Pcp410;2024-05-18 12:30:57
check_abnorm_tr7_Pcp339;2024-05-18 12:32:26
check_abnorm_tr20_Pcp100;2024-05-18 12:32:52
check_abnorm_tr35_Pcp34;2024-05-18 12:38:19
check_abnorm_tr15_Pcp34;2024-05-18 12:54:01
check_abnorm_tr25_Pcp41;2024-05-18 12:54:11
check_abnorm_tr46_Pcp220;2024-05-18 13:09:15
check_abnorm_tr38_Pcp161;2024-05-18 13:11:27
check_abnorm_tr40_Pcp431;2024-05-18 13:12:33
check_abnorm_tr29_Pcp263;2024-05-18 13:12:58
check_abnorm_tr44_Pcp124;2024-05-18 13:32:22
check_abnorm_tr19_Pcp186;2024-05-18 13:33:41
check_abnorm_tr4_Pcp240;2024-05-18 13:38:33
check_abnorm_tr17_Pcp433;2024-05-18 13:45:00
check_abnorm_tr31_Pcp469;2024-05-18 13:48:13
check_abnorm_tr18_Pcp285;2024-05-18 13:50:54
check_abnorm_tr42_Pcp315;2024-05-18 13:52:58
check_abnorm_tr45_Pcp170;2024-05-18 14:01:58
check_abnorm_tr49_Pcp152;2024-05-18 14:02:21
check_abnorm_tr11_Pcp398;2024-05-18 14:07:07
check_abnorm_tr37_Pcp85;2024-05-18 14:34:19
check_abnorm_tr1_Pcp314;2024-05-18 14:48:16
check_abnorm_tr23_Pcp64;2024-05-18 15:02:37
check_abnorm_tr43_Pcp306;2024-05-18 15:16:39
check_abnorm_tr27_Pcp107;2024-05-18 15:21:00
check_abnorm_tr8_Pcp430;2024-05-18 15:24:31
check_abnorm_tr6_Pcp166;2024-05-18 15:28:48
check_abnorm_tr9_Pcp464;2024-05-18 15:38:32
check_abnorm_tr14_Pcp311;2024-05-18 15:59:02
check_abnorm_tr28_Pcp460;2024-05-18 16:01:01
check_abnorm_tr39_Pcp450;2024-05-18 16:09:47
check_abnorm_tr24_Pcp46;2024-05-18 16:28:57
check_abnorm_tr26_Pcp388;2024-05-18 16:41:01
check_abnorm_tr16_Pcp172;2024-05-18 16:41:07
check_abnorm_tr5_Pcp303;2024-05-18 17:18:03
check_abnorm_tr41_Pcp217;2024-05-18 18:13:41
check_abnorm_tr48_Pcp192;2024-05-18 18:49:45
check_abnorm_tr34_Pcp425;2024-05-18 19:03:27
check_abnorm_tr47_Pcp156;2024-05-18 20:08:16
check_abnorm_tr13_Pcp7;2024-05-18 20:48:44
check_abnorm_tr2_Pcp314;2024-05-18 21:18:45
check_abnorm_tr50_Pcp443;2024-05-18 21:51:20
check_abnorm_tr36_Pcp443;2024-05-18 22:23:48
check_abnorm_tr22_Pcp470;2024-05-18 22:36:29
check_abnorm_tr12_Pcp168;2024-05-19 00:18:15
check_abnorm_tr3_Pcp156;2024-05-19 01:06:37
check_abnorm_tr30_Pcp237;2024-05-20 12:16:20
check_abnorm_tr32_Pcp9;2024-05-20 12:47:29
check_abnorm_tr21_Pcp388;2024-05-20 12:52:03
check_abnorm_tr10_Pcp413;2024-05-20 13:07:34
check_abnorm_tr15_Pcp116;2024-05-20 13:37:08
check_abnorm_tr33_Pcp410;2024-05-20 13:37:21
check_abnorm_tr20_Pcp141;2024-05-20 13:56:45
check_abnorm_tr19_Pcp159;2024-05-20 14:12:02
check_abnorm_tr29_Pcp196;2024-05-20 14:13:09
check_abnorm_tr25_Pcp226;2024-05-20 14:14:30
check_abnorm_tr38_Pcp343;2024-05-20 14:22:39
check_abnorm_tr7_Pcp12;2024-05-20 14:23:50
check_abnorm_tr40_Pcp187;2024-05-20 14:27:13
check_abnorm_tr4_Pcp490;2024-05-20 14:29:18
check_abnorm_tr35_Pcp193;2024-05-20 14:36:59
check_abnorm_tr18_Pcp214;2024-05-20 14:40:46
check_abnorm_tr31_Pcp22;2024-05-20 14:46:35
check_abnorm_tr42_Pcp48;2024-05-20 14:48:19
check_abnorm_tr49_Pcp429;2024-05-20 14:51:01
check_abnorm_tr46_Pcp96;2024-05-20 14:56:57
check_abnorm_tr37_Pcp464;2024-05-20 15:22:16
check_abnorm_tr11_Pcp465;2024-05-20 15:23:34
check_abnorm_tr1_Pcp161;2024-05-20 15:40:29
check_abnorm_tr44_Pcp126;2024-05-20 16:12:48
check_abnorm_tr14_Pcp291;2024-05-20 16:24:07
check_abnorm_tr6_Pcp466;2024-05-20 16:25:37
check_abnorm_tr45_Pcp126;2024-05-20 16:29:20
check_abnorm_tr27_Pcp162;2024-05-20 16:33:28
check_abnorm_tr9_Pcp291;2024-05-20 16:36:04
check_abnorm_tr17_Pcp343;2024-05-20 16:45:58
check_abnorm_tr23_Pcp198;2024-05-20 16:59:15
check_abnorm_tr43_Pcp428;2024-05-20 17:00:29
check_abnorm_tr28_Pcp467;2024-05-20 17:19:06
check_abnorm_tr24_Pcp187;2024-05-20 17:26:45
check_abnorm_tr8_Pcp138;2024-05-20 17:28:34
check_abnorm_tr26_Pcp414;2024-05-20 18:01:32
check_abnorm_tr39_Pcp374;2024-05-20 18:04:06
check_abnorm_tr5_Pcp453;2024-05-20 18:06:41
check_abnorm_tr16_Pcp279;2024-05-20 18:10:05
check_abnorm_tr41_Pcp102;2024-05-20 20:08:47
check_abnorm_tr48_Pcp433;2024-05-20 20:26:17
check_abnorm_tr34_Pcp93;2024-05-20 20:36:14
check_abnorm_tr47_Pcp224;2024-05-20 21:06:10
check_abnorm_tr13_Pcp166;2024-05-20 22:24:39
check_abnorm_tr2_Pcp93;2024-05-20 22:42:06
check_abnorm_tr50_Pcp66;2024-05-20 23:23:53
check_abnorm_tr36_Pcp230;2024-05-20 23:47:19
check_abnorm_tr22_Pcp220;2024-05-21 01:06:46
check_abnorm_tr12_Pcp383;2024-05-21 01:17:56
check_abnorm_tr3_Pcp394;2024-05-21 02:42:36
check_abnorm_tr30_Pcp345;2024-05-22 13:51:02
check_abnorm_tr21_Pcp382;2024-05-22 14:01:41
check_abnorm_tr32_Pcp158;2024-05-22 14:12:10
check_abnorm_tr10_Pcp346;2024-05-22 14:31:39
check_abnorm_tr29_Pcp50;2024-05-22 14:43:33
check_abnorm_tr20_Pcp138;2024-05-22 14:54:07
check_abnorm_tr33_Pcp290;2024-05-22 15:00:03
check_abnorm_tr7_Pcp414;2024-05-22 15:13:02
check_abnorm_tr38_Pcp334;2024-05-22 15:39:18
check_abnorm_tr42_Pcp145;2024-05-22 15:43:35
check_abnorm_tr31_Pcp478;2024-05-22 15:49:52
check_abnorm_tr46_Pcp498;2024-05-22 15:50:42
check_abnorm_tr4_Pcp230;2024-05-22 15:58:06
check_abnorm_tr35_Pcp344;2024-05-22 16:04:28
check_abnorm_tr18_Pcp134;2024-05-22 16:05:23
check_abnorm_tr49_Pcp252;2024-05-22 16:06:09
check_abnorm_tr15_Pcp280;2024-05-22 16:09:55
check_abnorm_tr37_Pcp331;2024-05-22 16:22:26
check_abnorm_tr19_Pcp479;2024-05-22 16:29:27
check_abnorm_tr11_Pcp419;2024-05-22 16:34:50
check_abnorm_tr1_Pcp12;2024-05-22 16:37:29
check_abnorm_tr40_Pcp345;2024-05-22 17:02:14
check_abnorm_tr27_Pcp370;2024-05-22 17:16:55
check_abnorm_tr25_Pcp20;2024-05-22 17:20:50
check_abnorm_tr17_Pcp4;2024-05-22 17:27:50
check_abnorm_tr6_Pcp185;2024-05-22 17:38:25
check_abnorm_tr45_Pcp263;2024-05-22 17:45:28
check_abnorm_tr8_Pcp435;2024-05-22 18:04:46
check_abnorm_tr24_Pcp174;2024-05-22 18:05:54
check_abnorm_tr14_Pcp95;2024-05-22 18:06:21
check_abnorm_tr44_Pcp9;2024-05-22 18:08:04
check_abnorm_tr43_Pcp170;2024-05-22 18:12:07
check_abnorm_tr23_Pcp174;2024-05-22 18:19:30
check_abnorm_tr28_Pcp380;2024-05-22 18:21:26
check_abnorm_tr9_Pcp478;2024-05-22 18:23:55
check_abnorm_tr26_Pcp403;2024-05-22 18:53:27
check_abnorm_tr5_Pcp285;2024-05-22 19:03:03
check_abnorm_tr39_Pcp271;2024-05-22 19:17:08
check_abnorm_tr16_Pcp436;2024-05-22 20:12:01
check_abnorm_tr48_Pcp380;2024-05-22 21:23:28
check_abnorm_tr41_Pcp348;2024-05-22 21:27:59
check_abnorm_tr47_Pcp341;2024-05-22 21:54:55
check_abnorm_tr34_Pcp77;2024-05-22 22:22:15
check_abnorm_tr2_Pcp186;2024-05-22 23:26:32
check_abnorm_tr13_Pcp303;2024-05-23 00:08:09
check_abnorm_tr50_Pcp391;2024-05-23 00:27:53
check_abnorm_tr36_Pcp320;2024-05-23 01:02:16
check_abnorm_tr12_Pcp297;2024-05-23 02:24:13
check_abnorm_tr22_Pcp374;2024-05-23 02:56:19
check_abnorm_tr3_Pcp142;2024-05-23 03:40:34
check_abnorm_tr30_Pcp22;2024-05-24 14:45:18
check_abnorm_tr21_Pcp224;2024-05-24 14:56:25
check_abnorm_tr29_Pcp391;2024-05-24 15:25:13
check_abnorm_tr10_Pcp193;2024-05-24 15:33:12
check_abnorm_tr20_Pcp36;2024-05-24 15:41:00
check_abnorm_tr7_Pcp179;2024-05-24 15:51:44
check_abnorm_tr33_Pcp103;2024-05-24 15:52:15
check_abnorm_tr42_Pcp36;2024-05-24 16:35:11
check_abnorm_tr49_Pcp7;2024-05-24 16:38:05
check_abnorm_tr32_Pcp295;2024-05-24 16:41:53
check_abnorm_tr38_Pcp250;2024-05-24 17:06:14
check_abnorm_tr4_Pcp361;2024-05-24 17:07:30
check_abnorm_tr31_Pcp4;2024-05-24 17:09:31
check_abnorm_tr11_Pcp456;2024-05-24 17:11:57
check_abnorm_tr18_Pcp182;2024-05-24 17:28:20
check_abnorm_tr1_Pcp185;2024-05-24 17:34:47
check_abnorm_tr44_Pcp329;2024-05-25 04:24:23
check_abnorm_tr40_Pcp195;2024-05-25 06:25:34
check_abnorm_tr47_Pcp319;2024-05-26 00:44:23
check_abnorm_tr2_Pcp349;2024-05-26 08:28:53
check_abnorm_tr35_Pcp139;2024-05-26 08:35:51
check_abnorm_tr27_Pcp424;2024-05-26 08:45:04
check_abnorm_tr36_Pcp488;2024-05-26 11:10:51
check_abnorm_tr19_Pcp442;2024-05-26 11:15:47
check_abnorm_tr8_Pcp59;2024-05-26 11:18:22
check_abnorm_tr37_Pcp439;2024-05-26 11:23:24
check_abnorm_tr41_Pcp218;2024-05-26 19:07:52
check_abnorm_tr5_Pcp10;2024-05-27 08:35:23
check_abnorm_tr9_Pcp267;2024-05-28 02:46:55
check_abnorm_tr8_Pcp417;2024-05-29 00:37:40
check_abnorm_tr8_Pcp235;2024-05-31 08:21:33
