event_id,timestamp,ocel_object_id,ocel_IoT_object_id,rain_condition,activity,RFID No,Cargo ID,LPT,Axles,Scheduled Pickup Weight,Truck Status,Truck Location Validity,Truck Weight,Truck_Weight_Status,Num of trucks,Total pickup weight,Cargo Type,Cargo stock weight(withholding),Cargo stock weight(real),Silo ID,Truck ID,pickup,Pickup Plan ID,Enter_RegisterArrival,Register_EmptyWeighing,EmptyWeighing_ArrivalSilo,ArrivalSilo_Determine,Determine_Stack,Stack_Loaded,LoadedWeighing_Eval,Eval_Exit,Enter_to_Register_TTL_count,Register_to_WeighEmpty_TTL_count,WeighEmpty_to_ArriveSilo_TTL_count,Stack_Loaded_TTL_count,WeighLoaded_to_Exit_TTL_count
enter_tr10_Pcp385,2024-05-06 04:50:39,tr10,rfidOOVDPE,No Rain,Enter the port,,Cr7,,,,,,,,,,,,,,tr10,11.0,Pcp385,4.55,8.333333333333334,,,,,,,9,15,0,0,0
,2024-05-06 04:50:54,tr10,,,Track Truck Location,,Cr7,,,,,Unauthorised,,,,,,,,,tr10,11.0,Pcp385,4.55,8.333333333333334,,,,,,,9,15,0,0,0
,2024-05-06 04:50:59,tr10,,,Track Truck Location,,Cr7,,,,,Unauthorised,,,,,,,,,tr10,11.0,Pcp385,4.55,8.333333333333334,,,,,,,9,15,0,0,0
,2024-05-06 04:51:04,tr10,,,Track Truck Location,,Cr7,,,,,Unauthorised,,,,,,,,,tr10,11.0,Pcp385,4.55,8.333333333333334,,,,,,,9,15,0,0,0
,2024-05-06 04:51:09,tr10,,,Track Truck Location,,Cr7,,,,,Unauthorised,,,,,,,,,tr10,11.0,Pcp385,4.55,8.333333333333334,,,,,,,9,15,0,0,0
,2024-05-06 04:51:14,tr10,,,Track Truck Location,,Cr7,,,,,Unauthorised,,,,,,,,,tr10,11.0,Pcp385,4.55,8.333333333333334,,,,,,,9,15,0,0,0
,2024-05-06 04:51:19,tr10,,,Track Truck Location,,Cr7,,,,,Unauthorised,,,,,,,,,tr10,11.0,Pcp385,4.55,8.333333333333334,,,,,,,9,15,0,0,0
,2024-05-06 04:51:24,tr10,,,Track Truck Location,,Cr7,,,,,Unauthorised,,,,,,,,,tr10,11.0,Pcp385,4.55,8.333333333333334,,,,,,,9,15,0,0,0
,2024-05-06 04:51:29,tr10,,,Track Truck Location,,Cr7,,,,,Unauthorised,,,,,,,,,tr10,11.0,Pcp385,4.55,8.333333333333334,,,,,,,9,15,0,0,0
,2024-05-06 04:51:34,tr10,,,Track Truck Location,,Cr7,,,,,Unauthorised,,,,,,,,,tr10,11.0,Pcp385,4.55,8.333333333333334,,,,,,,9,15,0,0,0
register_arrival_tr10_Pcp385,2024-05-06 04:55:12,tr10,,,Register the truck arrival,,Cr7,,,,,,,,,,,,,,tr10,11.0,Pcp385,4.55,8.333333333333334,,,,,,,9,15,0,0,0
,2024-05-06 05:02:17,tr10,,,Track Truck Location,,Cr7,,,,,Unauthorised,,,,,,,,,tr10,11.0,Pcp385,4.55,8.333333333333334,,,,,,,9,15,0,0,0
,2024-05-06 05:02:22,tr10,,,Track Truck Location,,Cr7,,,,,Unauthorised,,,,,,,,,tr10,11.0,Pcp385,4.55,8.333333333333334,,,,,,,9,15,0,0,0
,2024-05-06 05:02:27,tr10,,,Track Truck Location,,Cr7,,,,,Unauthorised,,,,,,,,,tr10,11.0,Pcp385,4.55,8.333333333333334,,,,,,,9,15,0,0,0
,2024-05-06 05:02:32,tr10,,,Track Truck Location,,Cr7,,,,,Unauthorised,,,,,,,,,tr10,11.0,Pcp385,4.55,8.333333333333334,,,,,,,9,15,0,0,0
,2024-05-06 05:02:37,tr10,,,Track Truck Location,,Cr7,,,,,Unauthorised,,,,,,,,,tr10,11.0,Pcp385,4.55,8.333333333333334,,,,,,,9,15,0,0,0
,2024-05-06 05:02:42,tr10,,,Track Truck Location,,Cr7,,,,,Unauthorised,,,,,,,,,tr10,11.0,Pcp385,4.55,8.333333333333334,,,,,,,9,15,0,0,0
,2024-05-06 05:02:47,tr10,,,Track Truck Location,,Cr7,,,,,Unauthorised,,,,,,,,,tr10,11.0,Pcp385,4.55,8.333333333333334,,,,,,,9,15,0,0,0
,2024-05-06 05:02:52,tr10,,,Track Truck Location,,Cr7,,,,,Unauthorised,,,,,,,,,tr10,11.0,Pcp385,4.55,8.333333333333334,,,,,,,9,15,0,0,0
,2024-05-06 05:02:57,tr10,,,Track Truck Location,,Cr7,,,,,Unauthorised,,,,,,,,,tr10,11.0,Pcp385,4.55,8.333333333333334,,,,,,,9,15,0,0,0
,2024-05-06 05:03:02,tr10,,,Track Truck Location,,Cr7,,,,,Unauthorised,,,,,,,,,tr10,11.0,Pcp385,4.55,8.333333333333334,,,,,,,9,15,0,0,0
,2024-05-06 05:03:07,tr10,,,Track Truck Location,,Cr7,,,,,Unauthorised,,,,,,,,,tr10,11.0,Pcp385,4.55,8.333333333333334,,,,,,,9,15,0,0,0
,2024-05-06 05:03:12,tr10,,,Track Truck Location,,Cr7,,,,,Unauthorised,,,,,,,,,tr10,11.0,Pcp385,4.55,8.333333333333334,,,,,,,9,15,0,0,0
,2024-05-06 05:03:17,tr10,,,Track Truck Location,,Cr7,,,,,Unauthorised,,,,,,,,,tr10,11.0,Pcp385,4.55,8.333333333333334,,,,,,,9,15,0,0,0
,2024-05-06 05:03:22,tr10,,,Track Truck Location,,Cr7,,,,,Unauthorised,,,,,,,,,tr10,11.0,Pcp385,4.55,8.333333333333334,,,,,,,9,15,0,0,0
,2024-05-06 05:03:27,tr10,,,Track Truck Location,,Cr7,,,,,Unauthorised,,,,,,,,,tr10,11.0,Pcp385,4.55,8.333333333333334,,,,,,,9,15,0,0,0
weigh_empty_tr10_Pcp385,2024-05-06 05:03:32,tr10,WS19,,Weigh the Empty Truck,,Cr7,,,,,,15690.4,,,,,,,,tr10,11.0,Pcp385,4.55,8.333333333333334,,,,,,,9,15,0,0,0
check_abnorm_tr10_Pcp385,2024-05-06 05:04:39,tr10,rfidOOVDPE,,Check Empty Truck Weight Abnormality,,Cr7,,,,,,,,,,,,,,tr10,11.0,Pcp385,4.55,8.333333333333334,,,,,,,9,15,0,0,0
fail_weigh_tr10_Pcp385,2024-05-06 05:04:40,tr10,,,Fail to Weigh,,Cr7,,,,Available,,,abnormal,,,,,,,tr10,11.0,Pcp385,4.55,8.333333333333334,,,,,,,9,15,0,0,0
enter_tr35_Pcp385,2024-05-06 04:52:38,tr35,rfidPODCVH,No Rain,Enter the port,,Cr7,,,,,,,,,,,,,,tr35,271.0,Pcp385,9.233333333333333,5.516666666666667,,,,,,,9,19,0,0,0
,2024-05-06 04:52:48,tr35,,,Track Truck Location,,Cr7,,,,,Unauthorised,,,,,,,,,tr35,271.0,Pcp385,9.233333333333333,5.516666666666667,,,,,,,9,19,0,0,0
,2024-05-06 04:52:53,tr35,,,Track Truck Location,,Cr7,,,,,Unauthorised,,,,,,,,,tr35,271.0,Pcp385,9.233333333333333,5.516666666666667,,,,,,,9,19,0,0,0
,2024-05-06 04:52:58,tr35,,,Track Truck Location,,Cr7,,,,,Unauthorised,,,,,,,,,tr35,271.0,Pcp385,9.233333333333333,5.516666666666667,,,,,,,9,19,0,0,0
,2024-05-06 04:53:03,tr35,,,Track Truck Location,,Cr7,,,,,Unauthorised,,,,,,,,,tr35,271.0,Pcp385,9.233333333333333,5.516666666666667,,,,,,,9,19,0,0,0
,2024-05-06 04:53:08,tr35,,,Track Truck Location,,Cr7,,,,,Unauthorised,,,,,,,,,tr35,271.0,Pcp385,9.233333333333333,5.516666666666667,,,,,,,9,19,0,0,0
,2024-05-06 04:53:13,tr35,,,Track Truck Location,,Cr7,,,,,Unauthorised,,,,,,,,,tr35,271.0,Pcp385,9.233333333333333,5.516666666666667,,,,,,,9,19,0,0,0
,2024-05-06 04:53:18,tr35,,,Track Truck Location,,Cr7,,,,,Unauthorised,,,,,,,,,tr35,271.0,Pcp385,9.233333333333333,5.516666666666667,,,,,,,9,19,0,0,0
,2024-05-06 04:53:23,tr35,,,Track Truck Location,,Cr7,,,,,Unauthorised,,,,,,,,,tr35,271.0,Pcp385,9.233333333333333,5.516666666666667,,,,,,,9,19,0,0,0
,2024-05-06 04:53:28,tr35,,,Track Truck Location,,Cr7,,,,,Unauthorised,,,,,,,,,tr35,271.0,Pcp385,9.233333333333333,5.516666666666667,,,,,,,9,19,0,0,0
register_arrival_tr35_Pcp385,2024-05-06 05:01:52,tr35,,,Register the truck arrival,,Cr7,,,,,,,,,,,,,,tr35,271.0,Pcp385,9.233333333333333,5.516666666666667,,,,,,,9,19,0,0,0
,2024-05-06 05:05:43,tr35,,,Track Truck Location,,Cr7,,,,,Unauthorised,,,,,,,,,tr35,271.0,Pcp385,9.233333333333333,5.516666666666667,,,,,,,9,19,0,0,0
,2024-05-06 05:05:53,tr35,,,Track Truck Location,,Cr7,,,,,Unauthorised,,,,,,,,,tr35,271.0,Pcp385,9.233333333333333,5.516666666666667,,,,,,,9,19,0,0,0
,2024-05-06 05:05:58,tr35,,,Track Truck Location,,Cr7,,,,,Unauthorised,,,,,,,,,tr35,271.0,Pcp385,9.233333333333333,5.516666666666667,,,,,,,9,19,0,0,0
,2024-05-06 05:06:03,tr35,,,Track Truck Location,,Cr7,,,,,Unauthorised,,,,,,,,,tr35,271.0,Pcp385,9.233333333333333,5.516666666666667,,,,,,,9,19,0,0,0
,2024-05-06 05:06:08,tr35,,,Track Truck Location,,Cr7,,,,,Unauthorised,,,,,,,,,tr35,271.0,Pcp385,9.233333333333333,5.516666666666667,,,,,,,9,19,0,0,0
,2024-05-06 05:06:13,tr35,,,Track Truck Location,,Cr7,,,,,Unauthorised,,,,,,,,,tr35,271.0,Pcp385,9.233333333333333,5.516666666666667,,,,,,,9,19,0,0,0
,2024-05-06 05:06:18,tr35,,,Track Truck Location,,Cr7,,,,,Unauthorised,,,,,,,,,tr35,271.0,Pcp385,9.233333333333333,5.516666666666667,,,,,,,9,19,0,0,0
,2024-05-06 05:06:23,tr35,,,Track Truck Location,,Cr7,,,,,Unauthorised,,,,,,,,,tr35,271.0,Pcp385,9.233333333333333,5.516666666666667,,,,,,,9,19,0,0,0
,2024-05-06 05:06:28,tr35,,,Track Truck Location,,Cr7,,,,,Unauthorised,,,,,,,,,tr35,271.0,Pcp385,9.233333333333333,5.516666666666667,,,,,,,9,19,0,0,0
,2024-05-06 05:06:33,tr35,,,Track Truck Location,,Cr7,,,,,Unauthorised,,,,,,,,,tr35,271.0,Pcp385,9.233333333333333,5.516666666666667,,,,,,,9,19,0,0,0
,2024-05-06 05:06:38,tr35,,,Track Truck Location,,Cr7,,,,,Unauthorised,,,,,,,,,tr35,271.0,Pcp385,9.233333333333333,5.516666666666667,,,,,,,9,19,0,0,0
,2024-05-06 05:06:43,tr35,,,Track Truck Location,,Cr7,,,,,Unauthorised,,,,,,,,,tr35,271.0,Pcp385,9.233333333333333,5.516666666666667,,,,,,,9,19,0,0,0
,2024-05-06 05:06:48,tr35,,,Track Truck Location,,Cr7,,,,,Unauthorised,,,,,,,,,tr35,271.0,Pcp385,9.233333333333333,5.516666666666667,,,,,,,9,19,0,0,0
,2024-05-06 05:06:53,tr35,,,Track Truck Location,,Cr7,,,,,Unauthorised,,,,,,,,,tr35,271.0,Pcp385,9.233333333333333,5.516666666666667,,,,,,,9,19,0,0,0
,2024-05-06 05:06:58,tr35,,,Track Truck Location,,Cr7,,,,,Unauthorised,,,,,,,,,tr35,271.0,Pcp385,9.233333333333333,5.516666666666667,,,,,,,9,19,0,0,0
,2024-05-06 05:07:03,tr35,,,Track Truck Location,,Cr7,,,,,Unauthorised,,,,,,,,,tr35,271.0,Pcp385,9.233333333333333,5.516666666666667,,,,,,,9,19,0,0,0
,2024-05-06 05:07:08,tr35,,,Track Truck Location,,Cr7,,,,,Unauthorised,,,,,,,,,tr35,271.0,Pcp385,9.233333333333333,5.516666666666667,,,,,,,9,19,0,0,0
,2024-05-06 05:07:13,tr35,,,Track Truck Location,,Cr7,,,,,Unauthorised,,,,,,,,,tr35,271.0,Pcp385,9.233333333333333,5.516666666666667,,,,,,,9,19,0,0,0
,2024-05-06 05:07:18,tr35,,,Track Truck Location,,Cr7,,,,,Unauthorised,,,,,,,,,tr35,271.0,Pcp385,9.233333333333333,5.516666666666667,,,,,,,9,19,0,0,0
weigh_empty_tr35_Pcp385,2024-05-06 05:07:23,tr35,WS09,,Weigh the Empty Truck,,Cr7,,,,,,15675.8,,,,,,,,tr35,271.0,Pcp385,9.233333333333333,5.516666666666667,,,,,,,9,19,0,0,0
check_abnorm_tr35_Pcp385,2024-05-06 05:07:57,tr35,rfidPODCVH,,Check Empty Truck Weight Abnormality,,Cr7,,,,,,,,,,,,,,tr35,271.0,Pcp385,9.233333333333333,5.516666666666667,,,,,,,9,19,0,0,0
fail_weigh_tr35_Pcp385,2024-05-06 05:07:58,tr35,,,Fail to Weigh,,Cr7,,,,Available,,,abnormal,,,,,,,tr35,271.0,Pcp385,9.233333333333333,5.516666666666667,,,,,,,9,19,0,0,0
enter_tr43_Pcp468,2024-05-06 04:58:35,tr43,rfidGETQDY,No Rain,Enter the port,,Cr7,,,,,,,,,,,,,,tr43,361.0,Pcp468,2.783333333333333,3.183333333333333,,,,,,,9,10,0,0,0
,2024-05-06 04:58:45,tr43,,,Track Truck Location,,Cr7,,,,,Unauthorised,,,,,,,,,tr43,361.0,Pcp468,2.783333333333333,3.183333333333333,,,,,,,9,10,0,0,0
,2024-05-06 04:58:50,tr43,,,Track Truck Location,,Cr7,,,,,Unauthorised,,,,,,,,,tr43,361.0,Pcp468,2.783333333333333,3.183333333333333,,,,,,,9,10,0,0,0
,2024-05-06 04:58:55,tr43,,,Track Truck Location,,Cr7,,,,,Unauthorised,,,,,,,,,tr43,361.0,Pcp468,2.783333333333333,3.183333333333333,,,,,,,9,10,0,0,0
,2024-05-06 04:59:00,tr43,,,Track Truck Location,,Cr7,,,,,Unauthorised,,,,,,,,,tr43,361.0,Pcp468,2.783333333333333,3.183333333333333,,,,,,,9,10,0,0,0
,2024-05-06 04:59:05,tr43,,,Track Truck Location,,Cr7,,,,,Unauthorised,,,,,,,,,tr43,361.0,Pcp468,2.783333333333333,3.183333333333333,,,,,,,9,10,0,0,0
,2024-05-06 04:59:10,tr43,,,Track Truck Location,,Cr7,,,,,Unauthorised,,,,,,,,,tr43,361.0,Pcp468,2.783333333333333,3.183333333333333,,,,,,,9,10,0,0,0
,2024-05-06 04:59:15,tr43,,,Track Truck Location,,Cr7,,,,,Unauthorised,,,,,,,,,tr43,361.0,Pcp468,2.783333333333333,3.183333333333333,,,,,,,9,10,0,0,0
,2024-05-06 04:59:20,tr43,,,Track Truck Location,,Cr7,,,,,Unauthorised,,,,,,,,,tr43,361.0,Pcp468,2.783333333333333,3.183333333333333,,,,,,,9,10,0,0,0
,2024-05-06 04:59:30,tr43,,,Track Truck Location,,Cr7,,,,,Unauthorised,,,,,,,,,tr43,361.0,Pcp468,2.783333333333333,3.183333333333333,,,,,,,9,10,0,0,0
register_arrival_tr43_Pcp468,2024-05-06 05:01:22,tr43,,,Register the truck arrival,,Cr7,,,,,,,,,,,,,,tr43,361.0,Pcp468,2.783333333333333,3.183333333333333,,,,,,,9,10,0,0,0
,2024-05-06 05:03:43,tr43,,,Track Truck Location,,Cr7,,,,,Unauthorised,,,,,,,,,tr43,361.0,Pcp468,2.783333333333333,3.183333333333333,,,,,,,9,10,0,0,0
,2024-05-06 05:03:48,tr43,,,Track Truck Location,,Cr7,,,,,Unauthorised,,,,,,,,,tr43,361.0,Pcp468,2.783333333333333,3.183333333333333,,,,,,,9,10,0,0,0
,2024-05-06 05:03:53,tr43,,,Track Truck Location,,Cr7,,,,,Unauthorised,,,,,,,,,tr43,361.0,Pcp468,2.783333333333333,3.183333333333333,,,,,,,9,10,0,0,0
,2024-05-06 05:03:58,tr43,,,Track Truck Location,,Cr7,,,,,Unauthorised,,,,,,,,,tr43,361.0,Pcp468,2.783333333333333,3.183333333333333,,,,,,,9,10,0,0,0
,2024-05-06 05:04:03,tr43,,,Track Truck Location,,Cr7,,,,,Unauthorised,,,,,,,,,tr43,361.0,Pcp468,2.783333333333333,3.183333333333333,,,,,,,9,10,0,0,0
,2024-05-06 05:04:08,tr43,,,Track Truck Location,,Cr7,,,,,Unauthorised,,,,,,,,,tr43,361.0,Pcp468,2.783333333333333,3.183333333333333,,,,,,,9,10,0,0,0
,2024-05-06 05:04:13,tr43,,,Track Truck Location,,Cr7,,,,,Unauthorised,,,,,,,,,tr43,361.0,Pcp468,2.783333333333333,3.183333333333333,,,,,,,9,10,0,0,0
,2024-05-06 05:04:18,tr43,,,Track Truck Location,,Cr7,,,,,Unauthorised,,,,,,,,,tr43,361.0,Pcp468,2.783333333333333,3.183333333333333,,,,,,,9,10,0,0,0
,2024-05-06 05:04:23,tr43,,,Track Truck Location,,Cr7,,,,,Unauthorised,,,,,,,,,tr43,361.0,Pcp468,2.783333333333333,3.183333333333333,,,,,,,9,10,0,0,0
,2024-05-06 05:04:28,tr43,,,Track Truck Location,,Cr7,,,,,Unauthorised,,,,,,,,,tr43,361.0,Pcp468,2.783333333333333,3.183333333333333,,,,,,,9,10,0,0,0
weigh_empty_tr43_Pcp468,2024-05-06 05:04:33,tr43,WS15,,Weigh the Empty Truck,,Cr7,,,,,,15684.4,,,,,,,,tr43,361.0,Pcp468,2.783333333333333,3.183333333333333,,,,,,,9,10,0,0,0
check_abnorm_tr43_Pcp468,2024-05-06 05:05:16,tr43,rfidGETQDY,,Check Empty Truck Weight Abnormality,,Cr7,,,,,,,,,,,,,,tr43,361.0,Pcp468,2.783333333333333,3.183333333333333,,,,,,,9,10,0,0,0
fail_weigh_tr43_Pcp468,2024-05-06 05:05:17,tr43,,,Fail to Weigh,,Cr7,,,,Available,,,abnormal,,,,,,,tr43,361.0,Pcp468,2.783333333333333,3.183333333333333,,,,,,,9,10,0,0,0
